date,day,日,曜,col,客数,売上,祝祭日
2021/4/1,1,1,木,,362,335920,
2021/4/2,2,2,金,,371,312460,
2021/4/3,3,3,土,,619,619375,
2021/4/4,4,4,日,,492,550175,
2021/4/5,5,5,月,,319,293845,
2021/4/6,6,6,火,,338,338120,
2021/4/7,7,7,水,,367,359975,
2021/4/8,8,8,木,,409,334085,
2021/4/9,9,9,金,,368,354130,
2021/4/10,10,10,土,,626,626525,
2021/4/11,11,11,日,,796,726915,
2021/4/12,12,12,月,,305,305965,
2021/4/13,13,13,火,,298,276415,
2021/4/14,14,14,水,,390,374685,
2021/4/15,15,15,木,,348,335890,
2021/4/16,16,16,金,,351,353395,
2021/4/17,17,17,土,,540,544870,
2021/4/18,18,18,日,,682,720375,
2021/4/19,19,19,月,,394,339950,
2021/4/20,20,20,火,,355,331345,
2021/4/21,21,21,水,,406,421395,
2021/4/22,22,22,木,,388,354545,
2021/4/23,23,23,金,,367,359075,
2021/4/24,24,24,土,,577,603065,
2021/4/25,25,25,日,,687,683695,
2021/4/26,26,26,月,,337,287765,
2021/4/27,27,27,火,,343,307820,
2021/4/28,28,28,水,,313,311185,
2021/4/29,29,29,木,,401,440530,
2021/4/30,30,30,金,,401,411895,
2021/5/1,1,1,土,,488,519340,
2021/5/2,2,2,日,,706,766660,
2021/5/3,3,3,月,,876,794325,
2021/5/4,4,4,火,,808,774650,
2021/5/5,5,5,水,,525,504735,
2021/5/6,6,6,木,,391,328765,
2021/5/7,7,7,金,,307,291930,
2021/5/8,8,8,土,,467,438215,
2021/5/9,9,9,日,,583,513255,
2021/5/10,10,10,月,,316,301105,
2021/5/11,11,11,火,,330,300565,
2021/5/12,12,12,水,,282,274675,
2021/5/13,13,13,木,,323,275255,
2021/5/14,14,14,金,,377,317025,
2021/5/15,15,15,土,,294,314270,
2021/5/16,16,16,日,,514,462210,
2021/5/17,17,17,月,,300,249410,
2021/5/18,18,18,火,,291,261390,
2021/5/19,19,19,水,,333,301745,
2021/5/20,20,20,木,,195,170205,
2021/5/21,21,21,金,,298,285695,
2021/5/22,22,22,土,,546,549210,
2021/5/23,23,23,日,,716,665615,
2021/5/24,24,24,月,,328,309675,
2021/5/25,25,25,火,,383,330060,
2021/5/26,26,26,水,,342,362860,
2021/5/27,27,27,木,,347,342745,
2021/5/28,28,28,金,,379,379995,
2021/5/29,29,29,土,,642,617870,
2021/5/30,30,30,日,,711,709550,
2021/5/31,31,31,月,,387,394335,
2021/6/1,1,1,火,,388,354730,
2021/6/2,2,2,水,,363,341630,
2021/6/3,3,3,木,,276,266575,
2021/6/4,4,4,金,,279,264550,
2021/6/5,5,5,土,,561,600640,
2021/6/6,6,6,日,,853,805045,
2021/6/7,7,7,月,,401,344805,
2021/6/8,8,8,火,,399,358345,
2021/6/9,9,9,水,,455,402075,
2021/6/10,10,10,木,,416,357460,
2021/6/11,11,11,金,,329,320565,
2021/6/12,12,12,土,,548,578430,
2021/6/13,13,13,日,,758,721180,
2021/6/14,14,14,月,,399,374615,
2021/6/15,15,15,火,,340,346210,
2021/6/16,16,16,水,,348,329025,
2021/6/17,17,17,木,,425,364280,
2021/6/18,18,18,金,,312,297115,
2021/6/19,19,19,土,,612,599780,
2021/6/20,20,20,日,,822,823290,
2021/6/21,21,21,月,,387,359870,
2021/6/22,22,22,火,,376,353420,
2021/6/23,23,23,水,,375,328125,
2021/6/24,24,24,木,,401,338085,
2021/6/25,25,25,金,,394,347355,
2021/6/26,26,26,土,,632,579365,
2021/6/27,27,27,日,,735,693275,
2021/6/28,28,28,月,,319,291930,
2021/6/29,29,29,火,,380,310010,
2021/6/30,30,30,水,,348,315985,
2021/7/1,1,1,木,,393,330715,
2021/7/2,2,2,金,,394,340635,
2021/7/3,3,3,土,,404,386725,
2021/7/4,4,4,日,,562,592480,
2021/7/5,5,5,月,,301,268240,
2021/7/6,6,6,火,,292,258240,
2021/7/7,7,7,水,,271,264100,
2021/7/8,8,8,木,,269,231155,
2021/7/9,9,9,金,,291,235970,
2021/7/10,10,10,土,,390,355745,
2021/7/11,11,11,日,,630,623650,
2021/7/12,12,12,月,,365,301075,
2021/7/13,13,13,火,,330,290245,
2021/7/14,14,14,水,,383,312905,
2021/7/15,15,15,木,,317,279040,
2021/7/16,16,16,金,,363,316535,
2021/7/17,17,17,土,,523,467985,
2021/7/18,18,18,日,,666,652935,
2021/7/19,19,19,月,,352,323210,
2021/7/20,20,20,火,,356,315215,
2021/7/21,21,21,水,,381,362860,
2021/7/22,22,22,木,,656,634325,
2021/7/23,23,23,金,,743,722475,
2021/7/24,24,24,土,,608,573570,
2021/7/25,25,25,日,,720,686200,
2021/7/26,26,26,月,,353,327815,
2021/7/27,27,27,火,,344,301090,
2021/7/28,28,28,水,,356,301870,
2021/7/29,29,29,木,,350,293240,
2021/7/30,30,30,金,,374,376480,
2021/7/31,31,31,土,,555,544155,
2021/8/1,1,1,日,,519,555475,
2021/8/2,2,2,月,,349,329005,
2021/8/3,3,3,火,,306,275270,
2021/8/4,4,4,水,,327,321485,
2021/8/5,5,5,木,,335,327705,
2021/8/6,6,6,金,,400,369495,
2021/8/7,7,7,土,,508,481890,
2021/8/8,8,8,日,,680,703295,
2021/8/9,9,9,月,,1005,515465,
2021/8/10,10,10,火,,512,507740,
2021/8/11,11,11,水,,404,500015,
2021/8/12,12,12,木,,458,549040,
2021/8/13,13,13,金,,365,417035,
2021/8/14,14,14,土,,141,178170,
2021/8/15,15,15,日,,456,436000,
2021/8/16,16,16,月,,200,198340,
2021/8/17,17,17,火,,140,120835,
2021/8/18,18,18,水,,277,280215,
2021/8/19,19,19,木,,294,234960,
2021/8/20,20,20,金,,321,305855,
2021/8/21,21,21,土,,457,410780,
2021/8/22,22,22,日,,,,
2021/8/23,23,23,月,,,,
2021/8/24,24,24,火,,,,
2021/8/25,25,25,水,,,,
2021/8/26,26,26,木,,,,
2021/8/27,27,27,金,,,,
2021/8/28,28,28,土,,,,
2021/8/29,29,29,日,,,,
2021/8/30,30,30,月,,,,
2021/8/31,31,31,火,,,,
2021/9/1,1,1,水,,,,
2021/9/2,2,2,木,,,,
2021/9/3,3,3,金,,,,
2021/9/4,4,4,土,,,,
2021/9/5,5,5,日,,,,
2021/9/6,6,6,月,,,,
2021/9/7,7,7,火,,,,
2021/9/8,8,8,水,,,,
2021/9/9,9,9,木,,,,
2021/9/10,10,10,金,,,,
2021/9/11,11,11,土,,,,
2021/9/12,12,12,日,,,,
2021/9/13,13,13,月,,411,437420,
2021/9/14,14,14,火,,347,341675,
2021/9/15,15,15,水,,402,389615,
2021/9/16,16,16,木,,409,382655,
2021/9/17,17,17,金,,185,171830,
2021/9/18,18,18,土,,531,583960,
2021/9/19,19,19,日,,912,973705,
2021/9/20,20,20,月,,813,845700,
2021/9/21,21,21,火,,455,464400,
2021/9/22,22,22,水,,441,396160,
2021/9/23,23,23,木,,776,773300,
2021/9/24,24,24,金,,448,438125,
2021/9/25,25,25,土,,575,583905,
2021/9/26,26,26,日,,811,775625,
2021/9/27,27,27,月,,386,357985,
2021/9/28,28,28,火,,368,324300,
2021/9/29,29,29,水,,424,384475,
2021/9/30,30,30,木,,373,370145,
2021/10/1,1,1,金,,375,351985,
2021/10/2,2,2,土,,627,610000,
2021/10/3,3,3,日,,876,833815,
2021/10/4,4,4,月,,401,350650,
2021/10/5,5,5,火,,388,350135,
2021/10/6,6,6,水,,445,414815,
2021/10/7,7,7,木,,411,393550,
2021/10/8,8,8,金,,440,417165,
2021/10/9,9,9,土,,739,685770,
2021/10/10,10,10,日,,824,720470,
2021/10/11,11,11,月,,396,349995,
2021/10/12,12,12,火,,374,355560,
2021/10/13,13,13,水,,389,327295,
2021/10/14,14,14,木,,443,393475,
2021/10/15,15,15,金,,438,395740,
2021/10/16,16,16,土,,534,572500,
2021/10/17,17,17,日,,761,815840,
2021/10/18,18,18,月,,411,373025,
2021/10/19,19,19,火,,408,373580,
2021/10/20,20,20,水,,426,409195,
2021/10/21,21,21,木,,377,361800,
2021/10/22,22,22,金,,421,394950,
2021/10/23,23,23,土,,617,595600,
2021/10/24,24,24,日,,732,745910,
2021/10/25,25,25,月,,388,370565,
2021/10/26,26,26,火,,342,288810,
2021/10/27,27,27,水,,418,399260,
2021/10/28,28,28,木,,413,376970,
2021/10/29,29,29,金,,471,439570,
2021/10/30,30,30,土,,588,627265,
2021/10/31,31,31,日,,784,825275,
2021/11/1,1,1,月,,381,365130,
2021/11/2,2,2,火,,435,391745,
2021/11/3,3,3,水,,752,716845,
2021/11/4,4,4,木,,433,383135,
2021/11/5,5,5,金,,477,441425,
2021/11/6,6,6,土,,631,614235,
2021/11/7,7,7,日,,950,938285,
2021/11/8,8,8,月,,385,398315,
2021/11/9,9,9,火,,452,459950,
2021/11/10,10,10,水,,431,418760,
2021/11/11,11,11,木,,424,412000,
2021/11/12,12,12,金,,563,575150,
2021/11/13,13,13,土,,788,811600,
2021/11/14,14,14,日,,982,1032270,
2021/11/15,15,15,月,,658,576200,
2021/11/16,16,16,火,,587,565460,
2021/11/17,17,17,水,,653,593930,
2021/11/18,18,18,木,,602,503110,
2021/11/19,19,19,金,,616,604470,
2021/11/20,20,20,土,,864,882370,
2021/11/21,21,21,日,,868,938655,
2021/11/22,22,22,月,,458,412250,
2021/11/23,23,23,火,,655,632425,
2021/11/24,24,24,水,,414,376355,
2021/11/25,25,25,木,,461,407280,
2021/11/26,26,26,金,,456,399945,
2021/11/27,27,27,土,,665,694560,
2021/11/28,28,28,日,,801,801025,
2021/11/29,29,29,月,,461,449680,
2021/11/30,30,30,火,,278,245190,
2021/12/1,1,1,水,,284,280305,
2021/12/2,2,2,木,,338,285870,
2021/12/3,3,3,金,,354,362795,
2021/12/4,4,4,土,,451,457975,
2021/12/5,5,5,日,,648,744495,
2021/12/6,6,6,月,,334,303525,
2021/12/7,7,7,火,,340,323840,
2021/12/8,8,8,水,,333,327330,
2021/12/9,9,9,木,,400,326320,
2021/12/10,10,10,金,,393,372635,
2021/12/11,11,11,土,,484,526290,
2021/12/12,12,12,日,,635,678875,
2021/12/13,13,13,月,,316,323620,
2021/12/14,14,14,火,,323,310605,
2021/12/15,15,15,水,,391,403050,
2021/12/16,16,16,木,,275,313905,
2021/12/17,17,17,金,,312,283745,
2021/12/18,18,18,土,,391,450840,
2021/12/19,19,19,日,,513,576335,
2021/12/20,20,20,月,,358,388665,
2021/12/21,21,21,火,,319,272455,
2021/12/22,22,22,水,,375,402180,
2021/12/23,23,23,木,,341,341270,
2021/12/24,24,24,金,,340,369890,
2021/12/25,25,25,土,,471,530385,
2021/12/26,26,26,日,,456,538610,
2021/12/27,27,27,月,,356,414855,
2021/12/28,28,28,火,,467,668725,
2021/12/29,29,29,水,,609,769920,
2021/12/30,30,30,木,,668,723495,
2021/12/31,31,31,金,,311,302220,
2022/1/1,1,1,土,,,,
2022/1/2,2,2,日,,,,
2022/1/3,3,3,月,,314,326125,
2022/1/4,4,4,火,,329,299415,
2022/1/5,5,5,水,,265,225100,
2022/1/6,6,6,木,,286,251645,
2022/1/7,7,7,金,,299,302945,
2022/1/8,8,8,土,,471,540180,
2022/1/9,9,9,日,,552,572500,
2022/1/10,10,10,月,,444,458125,
2022/1/11,11,11,火,,240,228560,
2022/1/12,12,12,水,,263,234025,
2022/1/13,13,13,木,,246,220525,
2022/1/14,14,14,金,,289,248720,
2022/1/15,15,15,土,,412,444755,
2022/1/16,16,16,日,,454,451055,
2022/1/17,17,17,月,,299,283480,
2022/1/18,18,18,火,,324,260660,
2022/1/19,19,19,水,,308,273990,
2022/1/20,20,20,木,,267,239225,
2022/1/21,21,21,金,,284,267655,
2022/1/22,22,22,土,,432,434155,
2022/1/23,23,23,日,,384,384885,
2022/1/24,24,24,月,,266,249290,
2022/1/25,25,25,火,,277,237880,
2022/1/26,26,26,水,,309,280860,
2022/1/27,27,27,木,,326,296805,
2022/1/28,28,28,金,,291,278565,
2022/1/29,29,29,土,,405,378740,
2022/1/30,30,30,日,,492,542870,
2022/1/31,31,31,月,,298,294370,
2022/2/1,1,1,火,,261,243315,
2022/2/2,2,2,水,,291,255105,
2022/2/3,3,3,木,,284,267120,
2022/2/4,4,4,金,,276,247200,
2022/2/5,5,5,土,,326,351740,
2022/2/6,6,6,日,,457,475405,
2022/2/7,7,7,月,,265,211250,
2022/2/8,8,8,火,,267,236420,
2022/2/9,9,9,水,,332,307370,
2022/2/10,10,10,木,,303,266445,
2022/2/11,11,11,金,,509,522820,
2022/2/12,12,12,土,,565,551185,
2022/2/13,13,13,日,,414,392985,
2022/2/14,14,14,月,,319,319620,
2022/2/15,15,15,火,,316,305300,
2022/2/16,16,16,水,,265,251950,
2022/2/17,17,17,木,,321,279330,
2022/2/18,18,18,金,,352,327240,
2022/2/19,19,19,土,,354,374915,
2022/2/20,20,20,日,,529,565555,
2022/2/21,21,21,月,,293,264510,
2022/2/22,22,22,火,,344,339945,
2022/2/23,23,23,水,,505,514025,
2022/2/24,24,24,木,,328,308685,
2022/2/25,25,25,金,,357,337060,
2022/2/26,26,26,土,,498,528275,
2022/2/27,27,27,日,,679,691140,
2022/2/28,28,28,月,,355,351855,
2022/3/1,1,1,火,,250,242140,
2022/3/2,2,2,水,,367,343180,
2022/3/3,3,3,木,,380,355855,
2022/3/4,4,4,金,,349,332510,
2022/3/5,5,5,土,,547,562065,
2022/3/6,6,6,日,,663,698870,
2022/3/7,7,7,月,,347,322755,
2022/3/8,8,8,火,,394,388895,
2022/3/9,9,9,水,,415,410265,
2022/3/10,10,10,木,,361,358110,
2022/3/11,11,11,金,,343,327800,
2022/3/12,12,12,土,,589,564775,
2022/3/13,13,13,日,,669,640065,
2022/3/14,14,14,月,,356,348980,
2022/3/15,15,15,火,,375,364265,
2022/3/16,16,16,水,,380,376910,
2022/3/17,17,17,木,,425,425295,
2022/3/18,18,18,金,,359,370155,
2022/3/19,19,19,土,,543,655265,
2022/3/20,20,20,日,,842,948790,
2022/3/21,21,21,月,,657,697200,
2022/3/22,22,22,火,,342,335665,
2022/3/23,23,23,水,,321,326390,
2022/3/24,24,24,木,,318,273450,
2022/3/25,25,25,金,,394,383130,
2022/3/26,26,26,土,,359,395805,
2022/3/27,27,27,日,,709,724710,
2022/3/28,28,28,月,,405,396520,
2022/3/29,29,29,火,,435,418910,
2022/3/30,30,30,水,,413,386175,
2022/3/31,31,31,木,,360,352765,
2022/4/1,1,1,金,晴,412,392200,
2022/4/2,2,2,土,晴,599,640090,
2022/4/3,3,3,日,晴,772,758635,
2022/4/4,4,4,月,晴,402,379285,
2022/4/5,5,5,火,晴,347,337560,
2022/4/6,6,6,水,晴,326,291540,
2022/4/7,7,7,木,晴,351,344890,
2022/4/8,8,8,金,晴,395,372625,
2022/4/9,9,9,土,晴,622,618860,
2022/4/10,10,10,日,晴,733,738660,
2022/4/11,11,11,月,晴,338,339775,
2022/4/12,12,12,火,曇,346,318520,
2022/4/13,13,13,水,曇,372,360875,
2022/4/14,14,14,木,雨,288,275620,
2022/4/15,15,15,金,曇,401,397630,
2022/4/16,16,16,土,晴,649,700600,
2022/4/17,17,17,日,晴,753,815175,
2022/4/18,18,18,月,晴,380,347980,
2022/4/19,19,19,火,晴,414,363840,
2022/4/20,20,20,水,晴,451,417385,
2022/4/21,21,21,木,曇,315,307595,
2022/4/22,22,22,金,晴,425,386985,
2022/4/23,23,23,土,曇雨,559,635845,
2022/4/24,24,24,日,雨晴,680,694135,
2022/4/25,25,25,月,晴,394,364555,
2022/4/26,26,26,火,雨,229,234125,
2022/4/27,27,27,水,晴,329,298270,
2022/4/28,28,28,木,晴,374,345090,
2022/4/29,29,29,金,雨,423,477840,
2022/4/30,30,30,土,晴,640,665550,
2022/5/1,1,1,日,曇,744,764830,
2022/5/2,2,2,月,晴,517,558690,
2022/5/3,3,3,火,晴,888,907090,
2022/5/4,4,4,水,晴,939,915345,
2022/5/5,5,5,木,晴,825,740065,
2022/5/6,6,6,金,晴,362,331890,
2022/5/7,7,7,土,晴,517,448685,
2022/5/8,8,8,日,晴,697,663815,
2022/5/9,9,9,月,晴,391,362975,
2022/5/10,10,10,火,曇,390,369380,
2022/5/11,11,11,水,雨曇,331,321665,
2022/5/12,12,12,木,雨,327,299485,
2022/5/13,13,13,金,雨,316,300625,
2022/5/14,14,14,土,晴,587,641735,
2022/5/15,15,15,日,晴,737,706400,
2022/5/16,16,16,月,曇,376,331430,
2022/5/17,17,17,火,晴,384,337155,
2022/5/18,18,18,水,晴,394,375035,
2022/5/19,19,19,木,晴,397,359680,
2022/5/20,20,20,金,曇,354,306930,
2022/5/21,21,21,土,晴,555,550080,
2022/5/22,22,22,日,晴,757,743460,
2022/5/23,23,23,月,曇,413,413905,
2022/5/24,24,24,火,晴,398,367525,
2022/5/25,25,25,水,晴,419,437085,
2022/5/26,26,26,木,晴,338,318910,
2022/5/27,27,27,金,晴,399,369495,
2022/5/28,28,28,土,晴,671,688450,
2022/5/29,29,29,日,晴,771,715020,
2022/5/30,30,30,月,小雨,367,393890,
2022/5/31,31,31,火,曇,403,394180,
2022/6/1,1,1,水,晴,397,408310,
2022/6/2,2,2,木,晴,405,382335,
2022/6/3,3,3,金,晴,388,384110,
2022/6/4,4,4,土,晴,620,634080,
2022/6/5,5,5,日,小雨,539,631750,
2022/6/6,6,6,月,小雨,419,377690,
2022/6/7,7,7,火,晴,407,394835,
2022/6/8,8,8,水,晴,427,394925,
2022/6/9,9,9,木,晴,434,389450,
2022/6/10,10,10,金,晴,449,448335,
2022/6/11,11,11,土,雨,582,616530,
2022/6/12,12,12,日,晴,898,939475,
2022/6/13,13,13,月,雨,346,373270,
2022/6/14,14,14,火,雨,323,320185,
2022/6/15,15,15,水,曇晴,507,461215,
2022/6/16,16,16,木,晴,467,452880,
2022/6/17,17,17,金,晴,445,389675,
2022/6/18,18,18,土,晴,669,630670,
2022/6/19,19,19,日,曇,837,837875,
2022/6/20,20,20,月,小雨曇,374,370675,
2022/6/21,21,21,火,雨,269,258065,
2022/6/22,22,22,水,曇,362,348715,
2022/6/23,23,23,木,曇,358,345710,
2022/6/24,24,24,金,曇雨,319,326995,
2022/6/25,25,25,土,雨,442,459720,
2022/6/26,26,26,日,曇,720,695740,
2022/6/27,27,27,月,晴,392,347510,
2022/6/28,28,28,火,晴,339,285650,
2022/6/29,29,29,水,晴,345,297865,
2022/6/30,30,30,木,晴,364,298395,
2022/7/1,1,1,金,晴,349,313730,
2022/7/2,2,2,土,晴,517,485725,
2022/7/3,3,3,日,曇,586,561845,
2022/7/4,4,4,月,晴曇,328,291080,
2022/7/5,5,5,火,雨曇,201,195640,
2022/7/6,6,6,水,曇,295,270110,
2022/7/7,7,7,木,晴曇,320,269695,
2022/7/8,8,8,金,曇,292,270385,
2022/7/9,9,9,土,曇晴,549,557110,
2022/7/10,10,10,日,晴,659,621455,
2022/7/11,11,11,月,曇,359,293435,
2022/7/12,12,12,火,雨,332,300155,
2022/7/13,13,13,水,晴,364,331085,
2022/7/14,14,14,木,曇,354,284705,
2022/7/15,15,15,金,曇雨,291,264520,
2022/7/16,16,16,土,曇晴,453,484185,
2022/7/17,17,17,日,晴,782,761880,
2022/7/18,18,18,月,雨,443,431600,
2022/7/19,19,19,火,大雨晴,198,167355,
2022/7/20,20,20,水,曇晴,349,336235,
2022/7/21,21,21,木,曇,327,302090,
2022/7/22,22,22,金,晴,328,270005,
2022/7/23,23,23,土,晴,552,530595,
2022/7/24,24,24,日,晴雨,610,636615,
2022/7/25,25,25,月,曇晴,395,348850,
2022/7/26,26,26,火,晴,325,328210,
2022/7/27,27,27,水,晴,349,324950,
2022/7/28,28,28,木,晴,344,338465,
2022/7/29,29,29,金,晴,354,302615,
2022/7/30,30,30,土,曇,536,529730,
2022/7/31,31,31,日,晴,703,674280,
2022/8/1,1,1,月,晴,352,326560,
2022/8/2,2,2,火,晴,326,262270,
2022/8/3,3,3,水,晴,362,298665,
2022/8/4,4,4,木,晴,345,317465,
2022/8/5,5,5,金,晴,351,327830,
2022/8/6,6,6,土,晴雨,504,551685,
2022/8/7,7,7,日,晴,685,709250,
2022/8/8,8,8,月,晴,383,417625,
2022/8/9,9,9,火,晴,394,416195,
2022/8/10,10,10,水,晴,481,546385,
2022/8/11,11,11,木,晴,850,985055,
2022/8/12,12,12,金,曇,628,767965,
2022/8/13,13,13,土,晴,695,795080,
2022/8/14,14,14,日,晴,769,852450,
2022/8/15,15,15,月,晴雨,563,553830,
2022/8/16,16,16,火,晴雨,292,291160,
2022/8/17,17,17,水,雨曇,229,253695,
2022/8/18,18,18,木,曇,338,310670,
2022/8/19,19,19,金,晴曇,415,404120,
2022/8/20,20,20,土,曇,506,547670,
2022/8/21,21,21,日,晴曇,678,678265,
2022/8/22,22,22,月,晴,375,354690,
2022/8/23,23,23,火,曇,389,350275,
2022/8/24,24,24,水,曇,306,302005,
2022/8/25,25,25,木,晴,355,338955,
2022/8/26,26,26,金,晴,384,372135,
2022/8/27,27,27,土,晴,599,605410,
2022/8/28,28,28,日,晴,705,743445,
2022/8/29,29,29,月,晴,385,335810,
2022/8/30,30,30,火,晴,393,349565,
2022/8/31,31,31,水,晴雨,411,403825,
2022/9/1,1,1,木,曇,311,285480,
2022/9/2,2,2,金,曇,283,444025,
2022/9/3,3,3,土,雨,413,402760,
2022/9/4,4,4,日,曇晴,598,607390,
2022/9/5,5,5,月,曇,,,
2022/9/6,6,6,火,曇雨,,,
2022/9/7,7,7,水,晴,365,343075,
2022/9/8,8,8,木,晴,379,364505,
2022/9/9,9,9,金,晴,384,377050,
2022/9/10,10,10,土,晴,653,709000,
2022/9/11,11,11,日,晴,773,743510,
2022/9/12,12,12,月,晴,371,339160,
2022/9/13,13,13,火,晴,362,334240,
2022/9/14,14,14,水,晴,417,417285,
2022/9/15,15,15,木,晴,403,361320,
2022/9/16,16,16,金,晴,412,417475,
2022/9/17,17,17,土,曇,573,579455,
2022/9/18,18,18,日,曇雨,,,
2022/9/19,19,19,月,雨,50,130560,
2022/9/20,20,20,火,晴,374,425080,
2022/9/21,21,21,水,曇晴,506,593945,
2022/9/22,22,22,木,晴,434,463530,
2022/9/23,23,23,金,曇雨,761,882305,
2022/9/24,24,24,土,晴,735,761150,
2022/9/25,25,25,日,曇,846,822905,
2022/9/26,26,26,月,雨,384,361645,
2022/9/27,27,27,火,雨,378,387130,
2022/9/28,28,28,水,晴,434,392335,
2022/9/29,29,29,木,曇,366,340710,
2022/9/30,30,30,金,晴,404,410905,
2022/10/1,1,1,土,晴,625,680315,
2022/10/2,2,2,日,晴,821,832015,
2022/10/3,3,3,月,晴,390,357295,
2022/10/4,4,4,火,晴,396,368325,
2022/10/5,5,5,水,曇晴,352,328910,
2022/10/6,6,6,木,曇,390,348005,
2022/10/7,7,7,金,雨曇,361,352745,
2022/10/8,8,8,土,晴,679,637920,
2022/10/9,9,9,日,曇雨,782,778890,
2022/10/10,10,10,月,曇晴,612,607065,
2022/10/11,11,11,火,曇,404,383675,
2022/10/12,12,12,水,晴,412,404805,
2022/10/13,13,13,木,晴,395,346790,
2022/10/14,14,14,金,晴,448,424215,
2022/10/15,15,15,土,晴,700,710370,
2022/10/16,16,16,日,晴曇,721,715475,
2022/10/17,17,17,月,雨曇,401,400370,
2022/10/18,18,18,火,晴,436,442420,
2022/10/19,19,19,水,晴,408,400565,
2022/10/20,20,20,木,晴,445,435280,
2022/10/21,21,21,金,晴,458,463885,
2022/10/22,22,22,土,曇晴,680,703230,
2022/10/23,23,23,日,曇,801,843770,
2022/10/24,24,24,月,晴,374,405635,
2022/10/25,25,25,火,雨晴,375,394700,
2022/10/26,26,26,水,晴,379,390700,
2022/10/27,27,27,木,曇,397,411150,
2022/10/28,28,28,金,晴,381,398645,
2022/10/29,29,29,土,晴,600,606175,
2022/10/30,30,30,日,晴,786,833370,
2022/10/31,31,31,月,晴,383,394000,
2022/11/1,1,1,火,曇,325,304420,
2022/11/2,2,2,水,晴,435,403500,
2022/11/3,3,3,木,晴,642,826270,
2022/11/4,4,4,金,晴,432,467120,
2022/11/5,5,5,土,晴,662,713675,
2022/11/6,6,6,日,晴,798,849275,
2022/11/7,7,7,月,晴,426,411900,
2022/11/8,8,8,火,晴,459,501220,
2022/11/9,9,9,水,晴,489,505955,
2022/11/10,10,10,木,晴,464,454030,
2022/11/11,11,11,金,晴,490,513895,
2022/11/12,12,12,土,晴,811,807590,
2022/11/13,13,13,日,曇雨,770,816675,
2022/11/14,14,14,月,曇,576,626235,
2022/11/15,15,15,火,曇,515,518710,
2022/11/16,16,16,水,晴,531,512340,
2022/11/17,17,17,木,曇,501,485125,
2022/11/18,18,18,金,曇,553,546655,
2022/11/19,19,19,土,曇雨,684,767445,
2022/11/20,20,20,日,晴,915,954290,
2022/11/21,21,21,月,晴,477,484575,
2022/11/22,22,22,火,曇,427,530430,
2022/11/23,23,23,水,曇雨,651,734965,
2022/11/24,24,24,木,曇晴,379,416810,
2022/11/25,25,25,金,晴,369,335035,
2022/11/26,26,26,土,晴,657,676770,
2022/11/27,27,27,日,晴,751,772730,
2022/11/28,28,28,月,晴,369,380520,
2022/11/29,29,29,火,雨,337,344870,
2022/11/30,30,30,水,曇,304,292500,
2022/12/1,1,1,木,曇,316,320490,
2022/12/2,2,2,金,曇,254,255685,
2022/12/3,3,3,土,曇晴,435,429680,
2022/12/4,4,4,日,雨曇,477,537675,
2022/12/5,5,5,月,曇,310,347450,
2022/12/6,6,6,火,晴,274,283510,
2022/12/7,7,7,水,曇晴,305,290235,
2022/12/8,8,8,木,曇晴,353,316595,
2022/12/9,9,9,金,晴,327,352885,
2022/12/10,10,10,土,晴,524,615630,
2022/12/11,11,11,日,曇,506,544185,
2022/12/12,12,12,月,晴,292,304645,
2022/12/13,13,13,火,曇雨,294,295930,
2022/12/14,14,14,水,曇,306,288275,
2022/12/15,15,15,木,曇晴,283,321945,
2022/12/16,16,16,金,晴,326,384005,
2022/12/17,17,17,土,曇雨,409,469625,
2022/12/18,18,18,日,雪,283,310575,
2022/12/19,19,19,月,曇,254,268250,
2022/12/20,20,20,火,曇,334,335630,
2022/12/21,21,21,水,雨,299,295355,
2022/12/22,22,22,木,雪,304,339965,
2022/12/23,23,23,金,雪,182,180645,
2022/12/24,24,24,土,雪曇,272,276840,
2022/12/25,25,25,日,雨曇晴,472,631370,
2022/12/26,26,26,月,晴,382,479395,
2022/12/27,27,27,火,晴,434,567705,
2022/12/28,28,28,水,晴曇,498,738350,
2022/12/29,29,29,木,曇,629,870135,
2022/12/30,30,30,金,晴,622,794335,
2022/12/31,31,31,土,晴,314,319315,
2023/1/1,1,1,日,曇,,,
2023/1/2,2,2,月,晴,,,
2023/1/3,3,3,火,晴,307,320320,
2023/1/4,4,4,水,晴,277,244790,
2023/1/5,5,5,木,曇,254,244685,
2023/1/6,6,6,金,曇,299,297140,
2023/1/7,7,7,土,晴,352,337890,
2023/1/8,8,8,日,晴,567,603995,
2023/1/9,9,9,月,晴,449,448680,
2023/1/10,10,10,火,晴,286,258735,
2023/1/11,11,11,水,晴,298,285650,
2023/1/12,12,12,木,雨,282,270725,
2023/1/13,13,13,金,雨,256,254490,
2023/1/14,14,14,土,雨,365,373255,
2023/1/15,15,15,日,曇,498,508300,
2023/1/16,16,16,月,晴雨,311,271815,
2023/1/17,17,17,火,曇,278,260755,
2023/1/18,18,18,水,曇,293,242900,
2023/1/19,19,19,木,曇,284,266225,
2023/1/20,20,20,金,曇晴,274,256670,
2023/1/21,21,21,土,晴,501,536710,
2023/1/22,22,22,日,曇雨,455,449170,
2023/1/23,23,23,月,曇,265,265595,
2023/1/24,24,24,火,雪曇,157,161190,
2023/1/25,25,25,水,曇晴,92,83820,
2023/1/26,26,26,木,曇,245,241870,
2023/1/27,27,27,金,雨曇,232,238900,
2023/1/28,28,28,土,曇晴,372,368805,
2023/1/29,29,29,日,曇,502,461655,
2023/1/30,30,30,月,曇晴,301,278015,
2023/1/31,31,31,火,晴,326,317040,
2023/2/1,1,1,水,曇晴,380,332815,
2023/2/2,2,2,木,晴,325,302000,
2023/2/3,3,3,金,曇,324,335020,
2023/2/4,4,4,土,晴,503,515990,
2023/2/5,5,5,日,晴,663,633960,
2023/2/6,6,6,月,曇,281,250415,
2023/2/7,7,7,火,雨曇,287,285755,
2023/2/8,8,8,水,晴,392,411930,
2023/2/9,9,9,木,曇,336,301625,
2023/2/10,10,10,金,雨曇,315,325420,
2023/2/11,11,11,土,晴,627,692980,
2023/2/12,12,12,日,晴,641,722675,
2023/2/13,13,13,月,雨,281,280360,
2023/2/14,14,14,火,曇晴,303,296190,
2023/2/15,15,15,水,晴,349,404790,
2023/2/16,16,16,木,晴,331,340830,
2023/2/17,17,17,金,曇,377,341715,
2023/2/18,18,18,土,雨,409,462775,
2023/2/19,19,19,日,曇,516,592920,
2023/2/20,20,20,月,晴,378,344405,
2023/2/21,21,21,火,曇,370,380425,
2023/2/22,22,22,水,晴,379,354210,
2023/2/23,23,23,木,曇,561,543905,
2023/2/24,24,24,金,雨曇,355,384420,
2023/2/25,25,25,土,曇,541,551840,
2023/2/26,26,26,日,晴,660,685150,
2023/2/27,27,27,月,晴,416,398285,
2023/2/28,28,28,火,晴,412,374720,
2023/3/1,1,1,水,晴,297,313915,
2023/3/2,2,2,木,晴,429,432815,
2023/3/3,3,3,金,晴,387,390260,
2023/3/4,4,4,土,晴,614,605535,
2023/3/5,5,5,日,晴,823,813535,
2023/3/6,6,6,月,晴,445,415095,
2023/3/7,7,7,火,晴,436,403530,
2023/3/8,8,8,水,晴,399,407235,
2023/3/9,9,9,木,晴,366,367380,
2023/3/10,10,10,金,晴,424,435785,
2023/3/11,11,11,土,晴,626,601395,
2023/3/12,12,12,日,晴雨,653,696190,
2023/3/13,13,13,月,晴,378,344715,
2023/3/14,14,14,火,晴,362,358540,
2023/3/15,15,15,水,晴,386,382675,
2023/3/16,16,16,木,曇,356,408690,
2023/3/17,17,17,金,曇,357,360475,
2023/3/18,18,18,土,雨曇,565,637370,
2023/3/19,19,19,日,晴,812,931740,
2023/3/20,20,20,月,晴曇,470,504725,
2023/3/21,21,21,火,雨,445,503665,
2023/3/22,22,22,水,晴,331,319550,
2023/3/23,23,23,木,雨,281,319025,
2023/3/24,24,24,金,曇,347,363490,
2023/3/25,25,25,土,曇,559,636425,
2023/3/26,26,26,日,雨曇,650,679605,
2023/3/27,27,27,月,晴,397,402500,
2023/3/28,28,28,火,晴,385,371770,
2023/3/29,29,29,水,晴,440,401180,
2023/3/30,30,30,木,晴,439,415795,
2023/3/31,31,31,金,晴,465,468130,
2023/4/1,1,1,土,晴,602,677820,
2023/4/2,2,2,日,晴,735,784975,
2023/4/3,3,3,月,晴,379,374790,
2023/4/4,4,4,火,晴,396,362710,
2023/4/5,5,5,水,雨,291,316420,
2023/4/6,6,6,木,雨曇,285,282510,
2023/4/7,7,7,金,雨曇晴,309,320190,
2023/4/8,8,8,土,晴,597,670250,
2023/4/9,9,9,日,晴,740,831095,
2023/4/10,10,10,月,晴,372,387835,
2023/4/11,11,11,火,晴,364,344780,
2023/4/12,12,12,水,晴,407,400790,
2023/4/13,13,13,木,晴,392,370730,
2023/4/14,14,14,金,曇雨,308,361790,
2023/4/15,15,15,土,雨,521,516705,
2023/4/16,16,16,日,晴,772,790625,
2023/4/17,17,17,月,晴,438,399425,
2023/4/18,18,18,火,晴,407,450485,
2023/4/19,19,19,水,曇,417,421695,
2023/4/20,20,20,木,晴,359,363785,
2023/4/21,21,21,金,晴,394,387075,
2023/4/22,22,22,土,晴,677,763150,
2023/4/23,23,23,日,晴,861,928525,
2023/4/24,24,24,月,曇雨,339,330775,
2023/4/25,25,25,火,雨,281,307955,
2023/4/26,26,26,水,晴,376,394350,
2023/4/27,27,27,木,晴,420,427000,
2023/4/28,28,28,金,晴曇,432,424040,
2023/4/29,29,29,土,雨,435,491640,
2023/4/30,30,30,日,晴,863,864020,
2023/5/1,1,1,月,晴,543,581075,
2023/5/2,2,2,火,晴,609,618575,
2023/5/3,3,3,水,晴,935,893425,
2023/5/4,4,4,木,雨,778,858495,
2023/5/5,5,5,金,曇,788,819760,
2023/5/6,6,6,土,雨,469,553285,
2023/5/7,7,7,日,雨,397,416415,
2023/5/8,8,8,月,晴,328,327685,
2023/5/9,9,9,火,晴,371,362895,
2023/5/10,10,10,水,晴,438,449405,
2023/5/11,11,11,木,晴,384,402740,
2023/5/12,12,12,金,晴曇,444,457165,
2023/5/13,13,13,土,雨,406,455475,
2023/5/14,14,14,日,晴,748,743725,
2023/5/15,15,15,月,晴,416,386705,
2023/5/16,16,16,火,晴,413,403930,
2023/5/17,17,17,水,晴,427,455065,
2023/5/18,18,18,木,雨,333,333065,
2023/5/19,19,19,金,雨,336,368655,
2023/5/20,20,20,土,曇晴,593,575865,
2023/5/21,21,21,日,晴,755,785325,
2023/5/22,22,22,月,晴,403,383280,
2023/5/23,23,23,火,晴,380,357955,
2023/5/24,24,24,水,晴,430,444215,
2023/5/25,25,25,木,曇,353,395420,
2023/5/26,26,26,金,晴,418,455575,
2023/5/27,27,27,土,晴,681,747945,
2023/5/28,28,28,日,晴,785,879375,
2023/5/29,29,29,月,曇雨,376,369920,
2023/5/30,30,30,火,雨,257,260995,
2023/5/31,31,31,水,雨晴,333,329800,
2023/6/1,1,1,木,曇,361,337035,
2023/6/2,2,2,金,雨晴,316,333040,
2023/6/3,3,3,土,晴,657,711075,
2023/6/4,4,4,日,晴,847,811080,
2023/6/5,5,5,月,曇,448,469595,
2023/6/6,6,6,火,雨,326,355245,
2023/6/7,7,7,水,晴,430,413225,
2023/6/8,8,8,木,雨,333,354460,
2023/6/9,9,9,金,晴,433,404755,
2023/6/10,10,10,土,晴,683,664495,
2023/6/11,11,11,日,晴,834,919540,
2023/6/12,12,12,月,晴,490,446815,
2023/6/13,13,13,火,曇,392,368020,
2023/6/14,14,14,水,曇,455,468385,
2023/6/15,15,15,木,晴,383,409475,
2023/6/16,16,16,金,晴,459,492605,
2023/6/17,17,17,土,晴,773,798555,
2023/6/18,18,18,日,晴,826,866935,
2023/6/19,19,19,月,晴,458,424980,
2023/6/20,20,20,火,晴,418,401050,
2023/6/21,21,21,水,雨,352,383595,
2023/6/22,22,22,木,曇,435,442480,
2023/6/23,23,23,金,晴,416,411435,
2023/6/24,24,24,土,晴,741,694410,
2023/6/25,25,25,日,雨,598,588175,
2023/6/26,26,26,月,雨,363,327930,
2023/6/27,27,27,火,雨,329,318205,
2023/6/28,28,28,水,曇,311,307200,
2023/6/29,29,29,木,雨,328,333925,
2023/6/30,30,30,金,雨,217,224740,
2023/7/1,1,1,土,雨,370,387095,
2023/7/2,2,2,日,雨,672,716455,
2023/7/3,3,3,月,雨,214,212675,
2023/7/4,4,4,火,曇,335,321750,
2023/7/5,5,5,水,雨,263,231380,
2023/7/6,6,6,木,晴,340,341935,
2023/7/7,7,7,金,雨,237,247210,
2023/7/8,8,8,土,雨,342,347805,
2023/7/9,9,9,日,大雨,342,347645,
2023/7/10,10,10,月,大雨曇雨,191,149880,
2023/7/11,11,11,火,曇晴,361,291525,
2023/7/12,12,12,水,雨,278,273395,
2023/7/13,13,13,木,晴,303,281180,
2023/7/14,14,14,金,曇,317,301660,
2023/7/15,15,15,土,晴,522,522665,
2023/7/16,16,16,日,晴,832,812240,
2023/7/17,17,17,月,晴曇,725,695700,
2023/7/18,18,18,火,曇晴,359,337575,
2023/7/19,19,19,水,雨,364,345080,
2023/7/20,20,20,木,曇,285,279760,
2023/7/21,21,21,金,晴,380,380105,
2023/7/22,22,22,土,晴,631,621740,
2023/7/23,23,23,日,曇晴,748,727065,
2023/7/24,24,24,月,晴,377,369380,
2023/7/25,25,25,火,晴,368,374720,
2023/7/26,26,26,水,晴,371,354535,
2023/7/27,27,27,木,晴,370,336425,
2023/7/28,28,28,金,晴,370,357655,
2023/7/29,29,29,土,晴,631,603300,
2023/7/30,30,30,日,晴,719,733650,
2023/7/31,31,31,月,晴,407,418575,
2023/8/1,1,1,火,晴,400,368700,
2023/8/2,2,2,水,晴,413,373025,
2023/8/3,3,3,木,晴,341,376925,
2023/8/4,4,4,金,晴,351,371565,
2023/8/5,5,5,土,晴,612,625495,
2023/8/6,6,6,日,晴,799,822990,
2023/8/7,7,7,月,晴,425,474535,
2023/8/8,8,8,火,曇,435,459900,
2023/8/9,9,9,水,雨風,205,251945,
2023/8/10,10,10,木,雨,242,267290,
2023/8/11,11,11,金,晴,939,1105845,
2023/8/12,12,12,土,晴,977,1201255,
2023/8/13,13,13,日,晴,969,1166945,
2023/8/14,14,14,月,晴,787,858725,
2023/8/15,15,15,火,曇,640,750595,
2023/8/16,16,16,水,晴,531,534435,
2023/8/17,17,17,木,雨,372,357220,
2023/8/18,18,18,金,曇,422,484710,
2023/8/19,19,19,土,晴,605,622230,
2023/8/20,20,20,日,晴,779,802390,
2023/8/21,21,21,月,晴,368,381645,
2023/8/22,22,22,火,晴,378,377370,
2023/8/23,23,23,水,曇雨,392,366570,
2023/8/24,24,24,木,晴,376,355330,
2023/8/25,25,25,金,曇雨,354,351140,
2023/8/26,26,26,土,晴,574,620335,
2023/8/27,27,27,日,晴,780,836545,
2023/8/28,28,28,月,晴,393,388225,
2023/8/29,29,29,火,晴,379,395080,
2023/8/30,30,30,水,晴,382,373400,
2023/8/31,31,31,木,晴,350,351540,
2023/9/1,1,1,金,曇雨,315,317575,
2023/9/2,2,2,土,曇,531,541710,
2023/9/3,3,3,日,曇晴,780,794785,
2023/9/4,4,4,月,晴,398,390125,
2023/9/5,5,5,火,晴曇雨,317,328005,
2023/9/6,6,6,水,曇雨晴,352,317250,
2023/9/7,7,7,木,晴,341,310465,
2023/9/8,8,8,金,晴,389,381575,
2023/9/9,9,9,土,晴,620,643385,
2023/9/10,10,10,日,晴,712,762180,
2023/9/11,11,11,月,晴曇,372,394520,
2023/9/12,12,12,火,晴,366,382825,
2023/9/13,13,13,水,晴曇雨,436,387635,
2023/9/14,14,14,木,雨,359,388560,
2023/9/15,15,15,金,曇雨,333,354720,
2023/9/16,16,16,土,雨,576,718695,
2023/9/17,17,17,日,雨,532,634110,
2023/9/18,18,18,月,曇雨,592,613835,
2023/9/19,19,19,火,晴,390,392845,
2023/9/20,20,20,水,晴,488,526410,
2023/9/21,21,21,木,雨曇,399,447525,
2023/9/22,22,22,金,雨,402,438780,
2023/9/23,23,23,土,晴,816,890645,
2023/9/24,24,24,日,晴,874,975615,
2023/9/25,25,25,月,晴,435,436125,
2023/9/26,26,26,火,曇,353,366240,
2023/9/27,27,27,水,晴,411,403430,
2023/9/28,28,28,木,晴,432,442425,
2023/9/29,29,29,金,晴,417,429055,
2023/9/30,30,30,土,晴,614,710330,
2023/10/1,1,1,日,晴,798,835925,
2023/10/2,2,2,月,晴,429,401190,
2023/10/3,3,3,火,晴曇,355,364265,
2023/10/4,4,4,水,曇晴,403,395360,
2023/10/5,5,5,木,曇晴,428,427255,
2023/10/6,6,6,金,晴,422,400785,
2023/10/7,7,7,土,晴,683,744045,
2023/10/8,8,8,日,雨,612,751100,
2023/10/9,9,9,月,曇,705,737900,
2023/10/10,10,10,火,晴,393,731425,
2023/10/11,11,11,水,晴,475,477310,
2023/10/12,12,12,木,晴,414,401670,
2023/10/13,13,13,金,晴,433,419000,
2023/10/14,14,14,土,晴,606,682440,
2023/10/15,15,15,日,晴,753,851690,
2023/10/16,16,16,月,晴,456,441845,
2023/10/17,17,17,火,晴,447,452240,
2023/10/18,18,18,水,晴,517,577885,
2023/10/19,19,19,木,晴,426,423310,
2023/10/20,20,20,金,雨曇,413,444735,
2023/10/21,21,21,土,晴,687,758070,
2023/10/22,22,22,日,晴,829,894055,
2023/10/23,23,23,月,晴,434,405080,
2023/10/24,24,24,火,晴,380,404960,
2023/10/25,25,25,水,晴,472,460805,
2023/10/26,26,26,木,晴,460,427600,
2023/10/27,27,27,金,曇,392,410270,
2023/10/28,28,28,土,晴,685,759160,
2023/10/29,29,29,日,晴,815,991385,
2023/10/30,30,30,月,晴,516,524205,
2023/10/31,31,31,火,晴,473,484905,
2023/11/1,1,1,水,晴,494,501585,
2023/11/2,2,2,木,晴,423,423265,
2023/11/3,3,3,金,晴,919,924080,
2023/11/4,4,4,土,晴曇,875,911355,
2023/11/5,5,5,日,晴,824,900945,
2023/11/6,6,6,月,晴雨曇,393,449025,
2023/11/7,7,7,火,晴,433,464675,
2023/11/8,8,8,水,晴,539,581705,
2023/11/9,9,9,木,曇,499,520425,
2023/11/10,10,10,金,雨,381,407805,
2023/11/11,11,11,土,晴,719,747865,
2023/11/12,12,12,日,曇,827,1012780,
2023/11/13,13,13,月,曇,530,555960,
2023/11/14,14,14,火,晴,501,536765,
2023/11/15,15,15,水,曇晴,643,716600,
2023/11/16,16,16,木,曇,510,521835,
2023/11/17,17,17,金,雨,428,444455,
2023/11/18,18,18,土,晴,622,722285,
2023/11/19,19,19,日,曇晴,897,1072970,
2023/11/20,20,20,月,晴,559,542355,
2023/11/21,21,21,火,晴,569,600855,
2023/11/22,22,22,水,晴,547,552575,
2023/11/23,23,23,木,晴,865,902545,
2023/11/24,24,24,金,曇,440,477670,
2023/11/25,25,25,土,晴,687,824315,
2023/11/26,26,26,日,晴,750,805515,
2023/11/27,27,27,月,晴曇,461,456865,
2023/11/28,28,28,火,曇晴,400,436870,
2023/11/29,29,29,水,晴,435,467415,
2023/11/30,30,30,木,曇,363,402250,
2023/12/1,1,1,金,曇,343,356320,
2023/12/2,2,2,土,晴,531,556305,
2023/12/3,3,3,日,晴,649,797035,
2023/12/4,4,4,月,晴,343,377225,
2023/12/5,5,5,火,晴,348,374365,
2023/12/6,6,6,水,曇,368,429700,
2023/12/7,7,7,木,晴,341,307455,
2023/12/8,8,8,金,晴,374,362680,
2023/12/9,9,9,土,晴,587,745620,
2023/12/10,10,10,日,晴,722,771880,
2023/12/11,11,11,月,雨,330,332340,
2023/12/12,12,12,火,雨,320,307120,
2023/12/13,13,13,水,晴,372,450220,
2023/12/14,14,14,木,雨,378,394650,
2023/12/15,15,15,金,雨,360,412205,
2023/12/16,16,16,土,雨,428,541565,
2023/12/17,17,17,日,雪,500,596815,
2023/12/18,18,18,月,雪,332,343840,
2023/12/19,19,19,火,曇雨,280,266810,
2023/12/20,20,20,水,曇,346,408375,
2023/12/21,21,21,木,雪,155,168400,
2023/12/22,22,22,金,雪,146,137265,
2023/12/23,23,23,土,曇,576,841975,
2023/12/24,24,24,日,曇,463,542200,
2023/12/25,25,25,月,曇,354,405680,
2023/12/26,26,26,火,曇,416,466525,
2023/12/27,27,27,水,晴曇,490,683110,
2023/12/28,28,28,木,晴,591,791385,
2023/12/29,29,29,金,晴,730,945425,
2023/12/30,30,30,土,晴曇雨,667,818405,
2023/12/31,31,31,日,晴,332,390040,
2024/1/1,1,1,月,曇,,,
2024/1/2,2,2,火,晴,,,
2024/1/3,3,3,水,曇雨,254,309190,
2024/1/4,4,4,木,晴,334,311690,
2024/1/5,5,5,金,晴,365,354015,
2024/1/6,6,6,土,雨,433,504690,
2024/1/7,7,7,日,曇,496,559810,
2024/1/8,8,8,月,晴,500,505650,
2024/1/9,9,9,火,曇,282,353525,
2024/1/10,10,10,水,雨曇,275,319770,
2024/1/11,11,11,木,曇,324,300765,
2024/1/12,12,12,金,晴,332,328460,
2024/1/13,13,13,土,晴,537,582765,
2024/1/14,14,14,日,晴,663,747765,
2024/1/15,15,15,月,雨晴,312,293890,
2024/1/16,16,16,火,晴,345,359460,
2024/1/17,17,17,水,晴曇,359,429265,
2024/1/18,18,18,木,曇,314,294895,
2024/1/19,19,19,金,雨曇,341,343655,
2024/1/20,20,20,土,雨,443,461935,
2024/1/21,21,21,日,曇晴,546,609875,
2024/1/22,22,22,月,雨曇,310,292710,
2024/1/23,23,23,火,雪,205,203520,
2024/1/24,24,24,水,雪,148,106965,
2024/1/25,25,25,木,晴,292,302730,
2024/1/26,26,26,金,晴,327,352830,
2024/1/27,27,27,土,晴,509,573715,
2024/1/28,28,28,日,晴,601,663835,
2024/1/29,29,29,月,晴,389,358150,
2024/1/30,30,30,火,曇,358,374355,
2024/1/31,31,31,水,雨,342,380200,
2024/2/1,1,1,木,雨,348,327730,
2024/2/2,2,2,金,曇,371,414330,
2024/2/3,3,3,土,雨,453,540980,
2024/2/4,4,4,日,晴,596,661100,
2024/2/5,5,5,月,雨,297,267785,
2024/2/6,6,6,火,曇,330,306805,
2024/2/7,7,7,水,曇,358,428370,
2024/2/8,8,8,木,晴,365,348745,
2024/2/9,9,9,金,晴,385,391160,
2024/2/10,10,10,土,晴,607,655715,
2024/2/11,11,11,日,晴,721,770120,
2024/2/12,12,12,月,晴,651,653105,
2024/2/13,13,13,火,晴,415,404365,
2024/2/14,14,14,水,雨曇,345,390870,
2024/2/15,15,15,木,雨曇,361,388985,
2024/2/16,16,16,金,晴,364,398230,
2024/2/17,17,17,土,晴,685,684910,
2024/2/18,18,18,日,晴,833,844285,
2024/2/19,19,19,月,雨,299,311680,
2024/2/20,20,20,火,曇,406,411390,
2024/2/21,21,21,水,雨,287,340145,
2024/2/22,22,22,木,曇,375,366745,
2024/2/23,23,23,金,曇雨,671,739575,
2024/2/24,24,24,土,晴,695,706720,
2024/2/25,25,25,日,曇晴曇,707,740085,
2024/2/26,26,26,月,雨,382,416635,
2024/2/27,27,27,火,晴,393,389820,
2024/2/28,28,28,水,曇晴曇,423,484055,
2024/2/29,29,29,木,雨,298,320290,
2024/3/1,1,1,金,晴,388,393535,
2024/3/2,2,2,土,晴,541,590315,
2024/3/3,3,3,日,曇,659,706960,
2024/3/4,4,4,月,晴,392,418805,
2024/3/5,5,5,火,雨,318,383185,
2024/3/6,6,6,水,曇,387,447525,
2024/3/7,7,7,木,曇,392,413910,
2024/3/8,8,8,金,晴,381,366675,
2024/3/9,9,9,土,晴,521,621820,
2024/3/10,10,10,日,晴,675,718885,
2024/3/11,11,11,月,晴曇,373,386965,
2024/3/12,12,12,火,雨晴,362,411255,
2024/3/13,13,13,水,晴,406,483855,
2024/3/14,14,14,木,晴,359,370810,
2024/3/15,15,15,金,晴,445,480090,
2024/3/16,16,16,土,晴,757,842100,
2024/3/17,17,17,日,雨,655,793845,
2024/3/18,18,18,月,晴,464,474300,
2024/3/19,19,19,火,晴,461,497580,
2024/3/20,20,20,水,晴,697,809795,
2024/3/21,21,21,木,晴曇,383,405575,
2024/3/22,22,22,金,晴,419,426005,
2024/3/23,23,23,土,雨,466,565515,
2024/3/24,24,24,日,雨,468,490110,
2024/3/25,25,25,月,雨,326,330170,
2024/3/26,26,26,火,雨曇,333,372245,
2024/3/27,27,27,水,晴,438,471430,
2024/3/28,28,28,木,雨,315,345330,
2024/3/29,29,29,金,晴,417,427365,
2024/3/30,30,30,土,晴,616,740030,
2024/3/31,31,31,日,曇,763,814480,
2024/4/1,1,1,月,晴,505,570860,
2024/4/2,2,2,火,曇,434,420320,
2024/4/3,3,3,水,雨,246,299925,
2024/4/4,4,4,木,曇,368,356890,
2024/4/5,5,5,金,晴,442,529555,
2024/4/6,6,6,土,曇,667,733290,
2024/4/7,7,7,日,晴,807,838360,
2024/4/8,8,8,月,雨,340,370140,
2024/4/9,9,9,火,曇,405,429110,
2024/4/10,10,10,水,晴,426,535475,
2024/4/11,11,11,木,曇,387,372755,
2024/4/12,12,12,金,曇,400,376075,
2024/4/13,13,13,土,晴,715,786365,
2024/4/14,14,14,日,晴,798,791925,
2024/4/15,15,15,月,雨曇,342,388210,
2024/4/16,16,16,火,晴,455,470060,
2024/4/17,17,17,水,晴,491,578585,
2024/4/18,18,18,木,晴,431,418110,
2024/4/19,19,19,金,晴,453,485530,
2024/4/20,20,20,土,曇雨,559,659930,
2024/4/21,21,21,日,雨,572,625570,
2024/4/22,22,22,月,雨,373,390940,
2024/4/23,23,23,火,曇,388,388705,
2024/4/24,24,24,水,晴,386,427540,
2024/4/25,25,25,木,晴,405,374100,
2024/4/26,26,26,金,曇,390,406655,
2024/4/27,27,27,土,曇晴,624,697415,
2024/4/28,28,28,日,晴,922,948335,
2024/4/29,29,29,月,雨,588,621410,
2024/4/30,30,30,火,曇,450,489095,
2024/5/1,1,1,水,雨,458,543715,
2024/5/2,2,2,木,晴,553,568345,
2024/5/3,3,3,金,晴,947,962170,
2024/5/4,4,4,土,晴,990,1027165,
2024/5/5,5,5,日,曇,893,923125,
2024/5/6,6,6,月,雨,586,630410,
2024/5/7,7,7,火,晴,397,371250,
2024/5/8,8,8,水,曇,370,441105,
2024/5/9,9,9,木,晴,409,390560,
2024/5/10,10,10,金,晴,432,483530,
2024/5/11,11,11,土,晴,659,667930,
2024/5/12,12,12,日,雨,447,501010,
2024/5/13,13,13,月,晴,380,474830,
2024/5/14,14,14,火,晴,442,455250,
2024/5/15,15,15,水,晴,465,488720,
2024/5/16,16,16,木,曇晴,404,397755,
2024/5/17,17,17,金,晴,486,454540,
2024/5/18,18,18,土,晴,658,691185,
2024/5/19,19,19,日,晴,719,756505,
2024/5/20,20,20,月,晴,393,380055,
2024/5/21,21,21,火,晴,441,401375,
2024/5/22,22,22,水,曇,450,498240,
2024/5/23,23,23,木,晴,378,389920,
2024/5/24,24,24,金,晴,412,476375,
2024/5/25,25,25,土,晴,659,689685,
2024/5/26,26,26,日,晴,814,825110,
2024/5/27,27,27,月,雨,385,422220,
2024/5/28,28,28,火,雨曇,357,371930,
2024/5/29,29,29,水,晴,474,497160,
2024/5/30,30,30,木,晴,372,393640,
2024/5/31,31,31,金,雨雲晴,368,381895,
2024/6/1,1,1,土,晴,673,723520,
2024/6/2,2,2,日,晴,785,893425,
2024/6/3,3,3,月,晴,442,484290,
2024/6/4,4,4,火,晴,401,449500,
2024/6/5,5,5,水,晴,510,544690,
2024/6/6,6,6,木,曇,410,373765,
2024/6/7,7,7,金,晴,430,469525,
2024/6/8,8,8,土,雨,607,745620,
2024/6/9,9,9,日,雨,632,677150,
2024/6/10,10,10,月,曇晴,406,423425,
2024/6/11,11,11,火,晴,396,379780,
2024/6/12,12,12,水,晴,397,567550,
2024/6/13,13,13,木,晴,380,406175,
2024/6/14,14,14,金,晴,492,509960,
2024/6/15,15,15,土,晴,714,812555,
2024/6/16,16,16,日,晴,882,900735,
2024/6/17,17,17,月,曇雨,425,411540,
2024/6/18,18,18,火,曇晴,441,429960,
2024/6/19,19,19,水,晴,537,556445,
2024/6/20,20,20,木,雨,345,384375,
2024/6/21,21,21,金,曇,365,359550,
2024/6/22,22,22,土,雨,498,524615,
2024/6/23,23,23,日,雨,517,537755,
2024/6/24,24,24,月,雨,283,331575,
2024/6/25,25,25,火,雨曇,333,359725,
2024/6/26,26,26,水,雨,352,413240,
2024/6/27,27,27,木,雨,272,270770,
2024/6/28,28,28,金,雨,274,256990,
2024/6/29,29,29,土,曇雨,534,596220,
2024/6/30,30,30,日,雨,529,594930,
2024/7/1,1,1,月,雨,210,210765,
2024/7/2,2,2,火,雨,279,301855,
2024/7/3,3,3,水,晴,375,396220,
2024/7/4,4,4,木,曇晴,335,337920,
2024/7/5,5,5,金,晴曇,340,411020,
2024/7/6,6,6,土,晴,587,605510,
2024/7/7,7,7,日,晴,744,721695,
2024/7/8,8,8,月,晴,362,380470,
2024/7/9,9,9,火,晴,385,375755,
2024/7/10,10,10,水,曇雨,414,417795,
2024/7/11,11,11,木,雨,283,299810,
2024/7/12,12,12,金,曇晴,324,315100,
2024/7/13,13,13,土,雨,594,660570,
2024/7/14,14,14,日,雨,408,454660,
2024/7/15,15,15,月,雨曇,435,491925,
2024/7/16,16,16,火,雨,310,311745,
2024/7/17,17,17,水,曇,459,414530,
2024/7/18,18,18,木,雨晴曇,375,379670,
2024/7/19,19,19,金,雨晴,358,360925,
2024/7/20,20,20,土,晴,632,662465,
2024/7/21,21,21,日,晴,772,823115,
2024/7/22,22,22,月,晴,426,403790,
2024/7/23,23,23,火,晴,406,419245,
2024/7/24,24,24,水,晴,412,414955,
2024/7/25,25,25,木,晴,367,342960,
2024/7/26,26,26,金,晴,417,426290,
2024/7/27,27,27,土,晴,669,653735,
2024/7/28,28,28,日,晴,763,768360,
2024/7/29,29,29,月,晴,391,418725,
2024/7/30,30,30,火,晴,419,453285,
2024/7/31,31,31,水,晴,497,503745,
2024/8/1,1,1,木,晴,356,360660,
2024/8/2,2,2,金,晴,347,351605,
2024/8/3,3,3,土,晴,589,609665,
2024/8/4,4,4,日,晴,772,796460,
2024/8/5,5,5,月,晴,410,432720,
2024/8/6,6,6,火,晴,316,350420,
2024/8/7,7,7,水,晴,471,542315,
2024/8/8,8,8,木,晴,402,451060,
2024/8/9,9,9,金,晴,492,595515,
2024/8/10,10,10,土,晴,727,935595,
2024/8/11,11,11,日,晴,1099,1236270,
2024/8/12,12,12,月,晴,1022,1218550,
2024/8/13,13,13,火,晴,823,979115,
2024/8/14,14,14,水,晴,765,885660,
2024/8/15,15,15,木,晴,713,797690,
2024/8/16,16,16,金,晴,523,673985,
2024/8/17,17,17,土,晴,720,765250,
2024/8/18,18,18,日,晴,778,824375,
2024/8/19,19,19,月,晴,409,412605,
2024/8/20,20,20,火,晴,414,434495,
2024/8/21,21,21,水,晴,504,513595,
2024/8/22,22,22,木,晴,398,416935,
2024/8/23,23,23,金,晴,430,413540,
2024/8/24,24,24,土,晴,603,729205,
2024/8/25,25,25,日,雲雷雨晴,734,821555,
2024/8/26,26,26,月,晴,381,433505,
2024/8/27,27,27,火,晴曇雨,394,421535,
2024/8/28,28,28,水,晴曇,385,433065,
2024/8/29,29,29,木,雨,55,61905,
2024/8/30,30,30,金,雨,105,108605,
2024/8/31,31,31,土,晴,637,680790,
2024/9/1,1,1,日,晴,829,921225,
2024/9/2,2,2,月,晴,360,334730,
2024/9/3,3,3,火,晴,422,402545,
2024/9/4,4,4,水,晴,426,459735,
2024/9/5,5,5,木,晴,408,520995,
2024/9/6,6,6,金,晴,474,537785,
2024/9/7,7,7,土,晴,557,691125,
2024/9/8,8,8,日,晴,850,903775,
2024/9/9,9,9,月,晴,376,398000,
2024/9/10,10,10,火,晴,399,401355,
2024/9/11,11,11,水,晴,448,485365,
2024/9/12,12,12,木,晴,419,406475,
2024/9/13,13,13,金,晴,424,450535,
2024/9/14,14,14,土,晴,777,798410,
2024/9/15,15,15,日,曇,883,951165,
2024/9/16,16,16,月,晴雨,664,686950,
2024/9/17,17,17,火,晴,426,412440,
2024/9/18,18,18,水,晴,422,508290,
2024/9/19,19,19,木,晴,491,518820,
2024/9/20,20,20,金,晴,459,495435,
2024/9/21,21,21,土,曇,662,781875,
2024/9/22,22,22,日,雨曇,772,857800,
2024/9/23,23,23,月,晴,892,878765,
2024/9/24,24,24,火,晴,371,388120,
2024/9/25,25,25,水,曇,445,482925,
2024/9/26,26,26,木,晴,381,384450,
2024/9/27,27,27,金,晴,446,456960,
2024/9/28,28,28,土,晴,747,806995,
2024/9/29,29,29,日,晴,903,1025895,
2024/9/30,30,30,月,晴,476,478250,
2024/10/1,1,1,火,晴,444,486740,
2024/10/2,2,2,水,小雨,396,443470,
2024/10/3,3,3,木,雨,339,450435,
2024/10/4,4,4,金,晴,437,470735,
2024/10/5,5,5,土,曇,732,810155,
2024/10/6,6,6,日,曇雨曇,745,835035,
2024/10/7,7,7,月,雨,371,443945,
2024/10/8,8,8,火,曇,414,465141,
2024/10/9,9,9,水,晴曇,479,519634,
2024/10/10,10,10,木,晴,489,544900,
2024/10/11,11,11,金,晴,478,521085,
2024/10/12,12,12,土,晴,744,765595,
2024/10/13,13,13,日,晴,889,953700,
2024/10/14,14,14,月,晴,723,766075,
2024/10/15,15,15,火,雨曇,393,437080,
2024/10/16,16,16,水,曇,482,521015,
2024/10/17,17,17,木,曇,430,495505,
2024/10/18,18,18,金,晴,480,524260,
2024/10/19,19,19,土,雨,551,664045,
2024/10/20,20,20,日,晴,775,830150,
2024/10/21,21,21,月,晴,490,510390,
2024/10/22,22,22,火,雨,338,359015,
2024/10/23,23,23,水,曇晴,457,550615,
2024/10/24,24,24,木,曇晴,476,486370,
2024/10/25,25,25,金,晴,447,475210,
2024/10/26,26,26,土,雨曇,612,750975,
2024/10/27,27,27,日,晴,799,907470,
2024/10/28,28,28,月,雨曇,467,474935,
2024/10/29,29,29,火,晴,434,501275,
2024/10/30,30,30,水,晴,493,526530,
2024/10/31,31,31,木,曇,523,608650,
2024/11/1,1,1,金,雨,404,471170,
2024/11/2,2,2,土,雨曇,455,535080,
2024/11/3,3,3,日,晴,1011,1101695,
2024/11/4,4,4,月,晴,937,1072290,
2024/11/5,5,5,火,晴,521,588065,
2024/11/6,6,6,水,晴,528,612930,
2024/11/7,7,7,木,晴,465,474335,
2024/11/8,8,8,金,晴,528,585975,
2024/11/9,9,9,土,晴,784,875495,
2024/11/10,10,10,日,曇,774,837650,
2024/11/11,11,11,月,雨晴,588,556615,
2024/11/12,12,12,火,晴,582,638540,
2024/11/13,13,13,水,曇晴,693,785605,
2024/11/14,14,14,木,晴,561,558200,
2024/11/15,15,15,金,雨,465,505000,
2024/11/16,16,16,土,曇,770,908655,
2024/11/17,17,17,日,晴,907,1009045,
2024/11/18,18,18,月,曇,555,566490,
2024/11/19,19,19,火,晴,575,593630,
2024/11/20,20,20,水,晴,623,748585,
2024/11/21,21,21,木,曇,605,750085,
2024/11/22,22,22,金,晴,594,629740,
2024/11/23,23,23,土,晴,899,1024580,
2024/11/24,24,24,日,晴,915,1028930,
2024/11/25,25,25,月,晴,613,790415,
2024/11/26,26,26,火,雨,388,435930,
2024/11/27,27,27,水,曇雨,486,557350,
2024/11/28,28,28,木,曇雨,458,481150,
2024/11/29,29,29,金,雨,413,468430,
2024/11/30,30,30,土,晴,740,920375,
2024/12/1,1,1,日,曇,833,1022835,
2024/12/2,2,2,月,曇晴雨,509,514205,
2024/12/3,3,3,火,晴,469,518315,
2024/12/4,4,4,水,晴,466,539780,
2024/12/5,5,5,木,曇,425,462890,
2024/12/6,6,6,金,晴,441,493926,
2024/12/7,7,7,土,晴曇,609,738930,
2024/12/8,8,8,日,晴,711,854170,
2024/12/9,9,9,月,曇,360,367280,
2024/12/10,10,10,火,晴,372,407075,
2024/12/11,11,11,水,晴,427,526540,
2024/12/12,12,12,木,曇,389,406180,
2024/12/13,13,13,金,晴,361,444180,
2024/12/14,14,14,土,雨,559,685395,
2024/12/15,15,15,日,曇,584,704875,
2024/12/16,16,16,月,曇,373,539155,
2024/12/17,17,17,火,晴,401,452235,
2024/12/18,18,18,水,曇,437,506710,
2024/12/19,19,19,木,雨,346,409255,
2024/12/20,20,20,金,晴,426,519970,
2024/12/21,21,21,土,曇雨,703,1172870,
2024/12/22,22,22,日,晴,589,735120,
2024/12/23,23,23,月,晴,365,387835,
2024/12/24,24,24,火,曇,433,485365,
2024/12/25,25,25,水,晴,408,497650,
2024/12/26,26,26,木,曇晴,446,595140,
2024/12/27,27,27,金,晴曇,548,786520,
2024/12/28,28,28,土,霰雨,617,935410,
2024/12/29,29,29,日,晴曇,751,1210535,
2024/12/30,30,30,月,晴,669,902570,
2024/12/31,31,31,火,晴,359,423475,
2025/1/1,1,1,水,晴,,,
2025/1/2,2,2,木,晴,,,
2025/1/3,3,3,金,晴,391,456090,
2025/1/4,4,4,土,曇,445,583175,
2025/1/5,5,5,日,曇,492,558875,
2025/1/6,6,6,月,晴,344,376240,
2025/1/7,7,7,火,雨雪,340,340510,
2025/1/8,8,8,水,曇,406,439615,
2025/1/9,9,9,木,曇雪,315,350540,
2025/1/10,10,10,金,雪曇,190,196420,
2025/1/11,11,11,土,曇雪,473,520085,
2025/1/12,12,12,日,曇雪,550,642120,
2025/1/13,13,13,月,晴曇,565,641030,
2025/1/14,14,14,火,曇,353,391600,
2025/1/15,15,15,水,曇,424,651905,
2025/1/16,16,16,木,曇,326,339185,
2025/1/17,17,17,金,曇,387,404605,
2025/1/18,18,18,土,晴,613,703860,
2025/1/19,19,19,日,晴,720,830805,
2025/1/20,20,20,月,晴,348,372080,
2025/1/21,21,21,火,晴,406,468620,
2025/1/22,22,22,水,晴,429,521880,
2025/1/23,23,23,木,晴,455,495275,
2025/1/24,24,24,金,晴,438,480035,
2025/1/25,25,25,土,晴,678,791080,
2025/1/26,26,26,日,晴,740,868450,
2025/1/27,27,27,月,曇雨,307,338695,
2025/1/28,28,28,火,雪雨,340,398500,
2025/1/29,29,29,水,曇,317,374710,
2025/1/30,30,30,木,晴,359,378800,
2025/1/31,31,31,金,晴,429,476070,
2025/2/1,1,1,土,曇雨,480,568890,
2025/2/2,2,2,日,曇,626,703195,
2025/2/3,3,3,月,雨,365,384325,
2025/2/4,4,4,火,雪,182,201985,
2025/2/5,5,5,水,雪,149,122835,
2025/2/6,6,6,木,雪,240,274075,
2025/2/7,7,7,金,雪,213,235255,
2025/2/8,8,8,土,曇雪,378,387220,
2025/2/9,9,9,日,晴,598,701195,
2025/2/10,10,10,月,曇,358,363820,
2025/2/11,11,11,火,晴,652,698895,
2025/2/12,12,12,水,雨,314,354270,
2025/2/13,13,13,木,晴,382,396070,
2025/2/14,14,14,金,晴,409,458860,
2025/2/15,15,15,土,曇,556,690065,
2025/2/16,16,16,日,雨晴,707,768950,
2025/2/17,17,17,月,晴曇,398,434545,
2025/2/18,18,18,火,曇,426,499850,
2025/2/19,19,19,水,晴,432,463085,
2025/2/20,20,20,木,晴,374,439410,
2025/2/21,21,21,金,晴,405,419145,
2025/2/22,22,22,土,晴,558,732255,
2025/2/23,23,23,日,曇,752,912090,
2025/2/24,24,24,月,晴,581,606640,
2025/2/25,25,25,火,晴,385,414140,
2025/2/26,26,26,水,雨晴,413,461465,
2025/2/27,27,27,木,晴,396,407440,
2025/2/28,28,28,金,曇,433,609465,
2025/3/1,1,1,土,曇雨,666,788520,
2025/3/2,2,2,日,雨,553,691790,
2025/3/3,3,3,月,雨,338,378835,
2025/3/4,4,4,火,雨,286,331650,
2025/3/5,5,5,水,曇,400,477050,
2025/3/6,6,6,木,曇,455,474325,
2025/3/7,7,7,金,晴,394,472565,
2025/3/8,8,8,土,曇晴,663,755790,
2025/3/9,9,9,日,晴,769,859970,
2025/3/10,10,10,月,晴,417,450470,
2025/3/11,11,11,火,晴,422,455540,
2025/3/12,12,12,水,晴,458,514105,
2025/3/13,13,13,木,曇,405,419390,
2025/3/14,14,14,金,曇晴,425,500890,
2025/3/15,15,15,土,雨,500,636845,
2025/3/16,16,16,日,雨,572,686755,
2025/3/17,17,17,月,曇,424,503175,
2025/3/18,18,18,火,雪雨,343,579670,
2025/3/19,19,19,水,雪雨,406,519320,
2025/3/20,20,20,木,晴,808,921445,
2025/3/21,21,21,金,晴,518,574875,
2025/3/22,22,22,土,晴,743,819465,
2025/3/23,23,23,日,晴,806,920380,
2025/3/24,24,24,月,曇,404,445465,
2025/3/25,25,25,火,晴,451,496215,
2025/3/26,26,26,水,晴,520,575780,
2025/3/27,27,27,木,雨,386,419085,
2025/3/28,28,28,金,雨,386,450095,
2025/3/29,29,29,土,晴,630,761575,
2025/3/30,30,30,日,晴,765,840840,
2025/3/31,31,31,月,晴,467,479390,
