date,day,日,曜,col,客数,売上,祝祭日,祝祭日前日,振替休日,
2021/4/1 0:00,1,1,木,曇時々晴,362,335920,0,0,0,
2021/4/2 0:00,2,2,金,曇時々晴,371,312460,0,0,0,
2021/4/3 0:00,3,3,土,曇時々晴,619,619375,0,0,0,
2021/4/4 0:00,4,4,日,曇時々雨,492,550175,0,0,0,
2021/4/5 0:00,5,5,月,晴時々曇,319,293845,0,0,0,
2021/4/6 0:00,6,6,火,晴,338,338120,0,0,0,
2021/4/7 0:00,7,7,水,晴,367,359975,0,0,0,
2021/4/8 0:00,8,8,木,曇後一時晴,409,334085,0,0,0,
2021/4/9 0:00,9,9,金,晴時々曇,368,354130,0,0,0,
2021/4/10 0:00,10,10,土,晴後一時曇,626,626525,0,0,0,
2021/4/11 0:00,11,11,日,晴一時曇,796,726915,0,0,0,
2021/4/12 0:00,12,12,月,曇後時々雨,305,305965,0,0,0,
2021/4/13 0:00,13,13,火,雨時々曇後晴,298,276415,0,0,0,
2021/4/14 0:00,14,14,水,曇時々晴,390,374685,0,0,0,
2021/4/15 0:00,15,15,木,晴時々曇,348,335890,0,0,0,
2021/4/16 0:00,16,16,金,曇時々雨,351,353395,0,0,0,
2021/4/17 0:00,17,17,土,雨後曇時々晴,540,544870,0,0,0,
2021/4/18 0:00,18,18,日,晴時々曇一時雨,682,720375,0,0,0,
2021/4/19 0:00,19,19,月,晴,394,339950,0,0,0,
2021/4/20 0:00,20,20,火,晴,355,331345,0,0,0,
2021/4/21 0:00,21,21,水,晴,406,421395,0,0,0,
2021/4/22 0:00,22,22,木,曇時々晴,388,354545,0,0,0,
2021/4/23 0:00,23,23,金,曇,367,359075,0,0,0,
2021/4/24 0:00,24,24,土,曇一時雨後一時晴、雷を伴う,577,603065,0,0,0,
2021/4/25 0:00,25,25,日,晴,687,683695,0,0,0,
2021/4/26 0:00,26,26,月,晴,337,287765,0,0,0,
2021/4/27 0:00,27,27,火,曇,343,307820,0,0,0,
2021/4/28 0:00,28,28,水,雨時々曇,313,311185,0,1,0,
2021/4/29 0:00,29,29,木,雨後曇時々晴,401,440530,1,0,0,
2021/4/30 0:00,30,30,金,曇一時雨後晴、雷を伴う,401,411895,0,0,0,
2021/5/1 0:00,1,1,土,曇時々晴一時雨,488,519340,0,0,0,
2021/5/2 0:00,2,2,日,晴後雨時々曇,706,766660,0,1,0,
2021/5/3 0:00,3,3,月,晴,876,794325,1,1,0,
2021/5/4 0:00,4,4,火,曇一時晴,808,774650,1,1,0,
2021/5/5 0:00,5,5,水,雨時々曇後晴,525,504735,1,0,0,
2021/5/6 0:00,6,6,木,晴,391,328765,0,0,0,
2021/5/7 0:00,7,7,金,雨後曇時々晴,307,291930,0,0,0,
2021/5/8 0:00,8,8,土,曇,467,438215,0,0,0,
2021/5/9 0:00,9,9,日,晴,583,513255,0,0,0,
2021/5/10 0:00,10,10,月,晴,316,301105,0,0,0,
2021/5/11 0:00,11,11,火,曇後時々雨,330,300565,0,0,0,
2021/5/12 0:00,12,12,水,雨,282,274675,0,0,0,
2021/5/13 0:00,13,13,木,曇時々雨一時晴,323,275255,0,0,0,
2021/5/14 0:00,14,14,金,曇時々晴,377,317025,0,0,0,
2021/5/15 0:00,15,15,土,大雨時々曇、雷を伴う,294,314270,0,0,0,
2021/5/16 0:00,16,16,日,曇時々雨,514,462210,0,0,0,
2021/5/17 0:00,17,17,月,曇時々雨,300,249410,0,0,0,
2021/5/18 0:00,18,18,火,曇一時雨,291,261390,0,0,0,
2021/5/19 0:00,19,19,水,曇一時雨後晴,333,301745,0,0,0,
2021/5/20 0:00,20,20,木,大雨、雷を伴う,195,170205,0,0,0,
2021/5/21 0:00,21,21,金,曇時々雨,298,285695,0,0,0,
2021/5/22 0:00,22,22,土,曇後一時晴,546,549210,0,0,0,
2021/5/23 0:00,23,23,日,晴,716,665615,0,0,0,
2021/5/24 0:00,24,24,月,雨時々曇一時晴,328,309675,0,0,0,
2021/5/25 0:00,25,25,火,曇後一時晴,383,330060,0,0,0,
2021/5/26 0:00,26,26,水,曇後時々雨,342,362860,0,0,0,
2021/5/27 0:00,27,27,木,曇一時雨,347,342745,0,0,0,
2021/5/28 0:00,28,28,金,曇,379,379995,0,0,0,
2021/5/29 0:00,29,29,土,晴,642,617870,0,0,0,
2021/5/30 0:00,30,30,日,晴,711,709550,0,0,0,
2021/5/31 0:00,31,31,月,晴,387,394335,0,0,0,
2021/6/1 0:00,1,1,火,晴時々曇,388,354730,0,0,0,
2021/6/2 0:00,2,2,水,曇,363,341630,0,0,0,
2021/6/3 0:00,3,3,木,大雨,276,266575,0,0,0,
2021/6/4 0:00,4,4,金,雨時々曇,279,264550,0,0,0,
2021/6/5 0:00,5,5,土,曇,561,600640,0,0,0,
2021/6/6 0:00,6,6,日,曇,853,805045,0,0,0,
2021/6/7 0:00,7,7,月,晴時々曇,401,344805,0,0,0,
2021/6/8 0:00,8,8,火,晴時々曇,399,358345,0,0,0,
2021/6/9 0:00,9,9,水,晴,455,402075,0,0,0,
2021/6/10 0:00,10,10,木,曇時々晴,416,357460,0,0,0,
2021/6/11 0:00,11,11,金,雨時々曇,329,320565,0,0,0,
2021/6/12 0:00,12,12,土,曇時々雨,548,578430,0,0,0,
2021/6/13 0:00,13,13,日,曇時々雨一時晴,758,721180,0,0,0,
2021/6/14 0:00,14,14,月,晴時々曇,399,374615,0,0,0,
2021/6/15 0:00,15,15,火,曇後時々雨,340,346210,0,0,0,
2021/6/16 0:00,16,16,水,雨時々曇,348,329025,0,0,0,
2021/6/17 0:00,17,17,木,曇一時晴,425,364280,0,0,0,
2021/6/18 0:00,18,18,金,雨時々曇,312,297115,0,0,0,
2021/6/19 0:00,19,19,土,曇一時雨後晴,612,599780,0,0,0,
2021/6/20 0:00,20,20,日,晴時々曇,822,823290,0,0,0,
2021/6/21 0:00,21,21,月,晴時々曇,387,359870,0,0,0,
2021/6/22 0:00,22,22,火,曇後時々晴,376,353420,0,0,0,
2021/6/23 0:00,23,23,水,晴,375,328125,0,0,0,
2021/6/24 0:00,24,24,木,晴時々曇,401,338085,0,0,0,
2021/6/25 0:00,25,25,金,晴時々曇,394,347355,0,0,0,
2021/6/26 0:00,26,26,土,雨後曇時々晴,632,579365,0,0,0,
2021/6/27 0:00,27,27,日,曇時々晴一時雨,735,693275,0,0,0,
2021/6/28 0:00,28,28,月,曇時々雨一時晴、雷を伴う,319,291930,0,0,0,
2021/6/29 0:00,29,29,火,晴後時々曇,380,310010,0,0,0,
2021/6/30 0:00,30,30,水,曇時々晴,348,315985,0,0,0,
2021/7/1 0:00,1,1,木,晴後一時曇,393,330715,0,0,0,
2021/7/2 0:00,2,2,金,曇一時雨,394,340635,0,0,0,
2021/7/3 0:00,3,3,土,雨時々曇,404,386725,0,0,0,
2021/7/4 0:00,4,4,日,曇後時々雨,562,592480,0,0,0,
2021/7/5 0:00,5,5,月,雨後曇時々晴,301,268240,0,0,0,
2021/7/6 0:00,6,6,火,曇時々雨,292,258240,0,0,0,
2021/7/7 0:00,7,7,水,曇時々雨,271,264100,0,0,0,
2021/7/8 0:00,8,8,木,雨時々曇、雷を伴う,269,231155,0,0,0,
2021/7/9 0:00,9,9,金,曇時々雨、雷を伴う,291,235970,0,0,0,
2021/7/10 0:00,10,10,土,曇時々雨,390,355745,0,0,0,
2021/7/11 0:00,11,11,日,曇一時晴後一時雨、雷を伴う,630,623650,0,0,0,
2021/7/12 0:00,12,12,月,曇時々雨、雷を伴う,365,301075,0,0,0,
2021/7/13 0:00,13,13,火,曇時々晴、雷を伴う,330,290245,0,0,0,
2021/7/14 0:00,14,14,水,晴後一時雨、雷を伴う,383,312905,0,0,0,
2021/7/15 0:00,15,15,木,晴後雨時々曇、雷を伴う,317,279040,0,0,0,
2021/7/16 0:00,16,16,金,曇時々晴、雷を伴う,363,316535,0,0,0,
2021/7/17 0:00,17,17,土,雨時々曇,523,467985,0,0,0,
2021/7/18 0:00,18,18,日,晴後曇一時雨、雷を伴う,666,652935,0,0,0,
2021/7/19 0:00,19,19,月,曇時々雨一時晴、雷を伴う,352,323210,0,0,0,
2021/7/20 0:00,20,20,火,晴時々曇,356,315215,0,0,0,
2021/7/21 0:00,21,21,水,曇時々晴,381,362860,0,1,0,
2021/7/22 0:00,22,22,木,曇,656,634325,1,1,0,
2021/7/23 0:00,23,23,金,曇一時晴,743,722475,1,0,0,
2021/7/24 0:00,24,24,土,曇時々晴,608,573570,0,0,0,
2021/7/25 0:00,25,25,日,曇時々晴,720,686200,0,0,0,
2021/7/26 0:00,26,26,月,晴後曇一時雨,353,327815,0,0,0,
2021/7/27 0:00,27,27,火,晴,344,301090,0,0,0,
2021/7/28 0:00,28,28,水,晴,356,301870,0,0,0,
2021/7/29 0:00,29,29,木,晴,350,293240,0,0,0,
2021/7/30 0:00,30,30,金,晴時々曇,374,376480,0,0,0,
2021/7/31 0:00,31,31,土,曇一時晴後一時雨、雷を伴う,555,544155,0,0,0,
2021/8/1 0:00,1,1,日,雨後曇一時晴、雷を伴う,519,555475,0,0,0,
2021/8/2 0:00,2,2,月,曇一時雨後時々晴、雷を伴う,349,329005,0,0,0,
2021/8/3 0:00,3,3,火,曇一時雨後晴,306,275270,0,0,0,
2021/8/4 0:00,4,4,水,晴後一時雨、雷を伴う,327,321485,0,0,0,
2021/8/5 0:00,5,5,木,晴,335,327705,0,0,0,
2021/8/6 0:00,6,6,金,晴,400,369495,0,0,0,
2021/8/7 0:00,7,7,土,晴時々雨一時曇、雷を伴う,508,481890,0,1,0,
2021/8/8 0:00,8,8,日,曇時々晴後雨,680,703295,1,1,0,
2021/8/9 0:00,9,9,月,曇時々雨,1005,515465,0,0,1,
2021/8/10 0:00,10,10,火,曇時々晴,512,507740,0,0,0,
2021/8/11 0:00,11,11,水,大雨,404,500015,0,0,0,
2021/8/12 0:00,12,12,木,大雨、雷を伴う,458,549040,0,0,0,
2021/8/13 0:00,13,13,金,大雨,365,417035,0,0,0,
2021/8/14 0:00,14,14,土,大雨、雷を伴う,141,178170,0,0,0,
2021/8/15 0:00,15,15,日,曇時々晴,456,436000,0,0,0,
2021/8/16 0:00,16,16,月,大雨時々曇,200,198340,0,0,0,
2021/8/17 0:00,17,17,火,大雨時々曇、雷を伴う,140,120835,0,0,0,
2021/8/18 0:00,18,18,水,曇時々雨,277,280215,0,0,0,
2021/8/19 0:00,19,19,木,×,294,234960,0,0,0,
2021/8/20 0:00,20,20,金,×,321,305855,0,0,0,
2021/8/21 0:00,21,21,土,×,457,410780,0,0,0,
2021/8/22 0:00,22,22,日,×,,,0,0,0,
2021/8/23 0:00,23,23,月,×,,,0,0,0,
2021/8/24 0:00,24,24,火,曇時々雨,,,0,0,0,
2021/8/25 0:00,25,25,水,曇一時雨後一時晴,,,0,0,0,
2021/8/26 0:00,26,26,木,曇時々雨、雷を伴う,,,0,0,0,
2021/8/27 0:00,27,27,金,晴,,,0,0,0,
2021/8/28 0:00,28,28,土,晴,,,0,0,0,
2021/8/29 0:00,29,29,日,晴,,,0,0,0,
2021/8/30 0:00,30,30,月,晴後一時曇,,,0,0,0,
2021/8/31 0:00,31,31,火,晴,,,0,0,0,
2021/9/1 0:00,1,1,水,曇時々晴,,,0,0,0,
2021/9/2 0:00,2,2,木,曇時々雨、雷を伴う,,,0,0,0,
2021/9/3 0:00,3,3,金,曇時々雨、雷を伴う,,,0,0,0,
2021/9/4 0:00,4,4,土,晴時々曇,,,0,0,0,
2021/9/5 0:00,5,5,日,曇時々雨,,,0,0,0,
2021/9/6 0:00,6,6,月,晴時々曇,,,0,0,0,
2021/9/7 0:00,7,7,火,曇後時々雨,,,0,0,0,
2021/9/8 0:00,8,8,水,雨時々曇後晴,,,0,0,0,
2021/9/9 0:00,9,9,木,晴,,,0,0,0,
2021/9/10 0:00,10,10,金,曇一時晴後時々雨,,,0,0,0,
2021/9/11 0:00,11,11,土,雨時々曇,,,0,0,0,
2021/9/12 0:00,12,12,日,曇,,,0,0,0,
2021/9/13 0:00,13,13,月,雨,411,437420,0,0,0,
2021/9/14 0:00,14,14,火,雨,347,341675,0,0,0,
2021/9/15 0:00,15,15,水,曇時々晴,402,389615,0,0,0,
2021/9/16 0:00,16,16,木,晴時々曇,409,382655,0,0,0,
2021/9/17 0:00,17,17,金,雨時々曇、大風を伴う,185,171830,0,0,0,
2021/9/18 0:00,18,18,土,曇一時雨後晴,531,583960,0,0,0,
2021/9/19 0:00,19,19,日,晴,912,973705,0,1,0,
2021/9/20 0:00,20,20,月,晴,813,845700,1,0,0,
2021/9/21 0:00,21,21,火,晴時々曇,455,464400,0,0,0,
2021/9/22 0:00,22,22,水,晴,441,396160,0,1,0,
2021/9/23 0:00,23,23,木,晴時々曇,776,773300,1,0,0,
2021/9/24 0:00,24,24,金,晴後曇,448,438125,0,0,0,
2021/9/25 0:00,25,25,土,曇時々晴,575,583905,0,0,0,
2021/9/26 0:00,26,26,日,晴時々曇,811,775625,0,0,0,
2021/9/27 0:00,27,27,月,晴時々曇,386,357985,0,0,0,
2021/9/28 0:00,28,28,火,曇時々晴,368,324300,0,0,0,
2021/9/29 0:00,29,29,水,晴後一時曇,424,384475,0,0,0,
2021/9/30 0:00,30,30,木,晴後曇時々雨,373,370145,0,0,0,
2021/10/1 0:00,1,1,金,晴時々雨一時曇,375,351985,0,0,0,
2021/10/2 0:00,2,2,土,晴,627,610000,0,0,0,
2021/10/3 0:00,3,3,日,晴,876,833815,0,0,0,
2021/10/4 0:00,4,4,月,晴,401,350650,0,0,0,
2021/10/5 0:00,5,5,火,晴,388,350135,0,0,0,
2021/10/6 0:00,6,6,水,晴,445,414815,0,0,0,
2021/10/7 0:00,7,7,木,晴,411,393550,0,0,0,
2021/10/8 0:00,8,8,金,曇時々晴,440,417165,0,0,0,
2021/10/9 0:00,9,9,土,晴,739,685770,0,0,0,
2021/10/10 0:00,10,10,日,晴後一時曇,824,720470,0,0,0,
2021/10/11 0:00,11,11,月,曇時々晴,396,349995,0,0,0,
2021/10/12 0:00,12,12,火,曇後時々雨,374,355560,0,0,0,
2021/10/13 0:00,13,13,水,曇時々晴,389,327295,0,0,0,
2021/10/14 0:00,14,14,木,晴,443,393475,0,0,0,
2021/10/15 0:00,15,15,金,晴,438,395740,0,0,0,
2021/10/16 0:00,16,16,土,曇時々晴後雨,534,572500,0,0,0,
2021/10/17 0:00,17,17,日,雨時々曇後晴,761,815840,0,0,0,
2021/10/18 0:00,18,18,月,晴後時々曇,411,373025,0,0,0,
2021/10/19 0:00,19,19,火,曇後時々晴,408,373580,0,0,0,
2021/10/20 0:00,20,20,水,曇一時雨,426,409195,0,0,0,
2021/10/21 0:00,21,21,木,雨後時々曇,377,361800,0,0,0,
2021/10/22 0:00,22,22,金,曇一時雨後晴,421,394950,0,0,0,
2021/10/23 0:00,23,23,土,晴後一時曇,617,595600,0,0,0,
2021/10/24 0:00,24,24,日,曇時々晴,732,745910,0,0,0,
2021/10/25 0:00,25,25,月,曇後晴,388,370565,0,0,0,
2021/10/26 0:00,26,26,火,晴,342,288810,0,0,0,
2021/10/27 0:00,27,27,水,晴一時曇,418,399260,0,0,0,
2021/10/28 0:00,28,28,木,晴,413,376970,0,0,0,
2021/10/29 0:00,29,29,金,晴後一時曇,471,439570,0,0,0,
2021/10/30 0:00,30,30,土,曇時々雨一時晴,588,627265,0,0,0,
2021/10/31 0:00,31,31,日,晴,784,825275,0,0,0,
2021/11/1 0:00,1,1,月,晴時々曇,381,365130,0,0,0,
2021/11/2 0:00,2,2,火,曇時々晴,435,391745,0,1,0,
2021/11/3 0:00,3,3,水,晴一時雨,752,716845,1,0,0,
2021/11/4 0:00,4,4,木,晴,433,383135,0,0,0,
2021/11/5 0:00,5,5,金,晴後時々曇,477,441425,0,0,0,
2021/11/6 0:00,6,6,土,曇,631,614235,0,0,0,
2021/11/7 0:00,7,7,日,晴,950,938285,0,0,0,
2021/11/8 0:00,8,8,月,曇後時々雨,385,398315,0,0,0,
2021/11/9 0:00,9,9,火,曇時々雨一時晴,452,459950,0,0,0,
2021/11/10 0:00,10,10,水,雨時々曇一時晴、雷を伴う,431,418760,0,0,0,
2021/11/11 0:00,11,11,木,雨時々晴後曇,424,412000,0,0,0,
2021/11/12 0:00,12,12,金,雨後曇時々晴,563,575150,0,0,0,
2021/11/13 0:00,13,13,土,曇時々晴,788,811600,0,0,0,
2021/11/14 0:00,14,14,日,雨時々曇後晴,982,1032270,0,0,0,
2021/11/15 0:00,15,15,月,晴,658,576200,0,0,0,
2021/11/16 0:00,16,16,火,曇時々晴,587,565460,0,0,0,
2021/11/17 0:00,17,17,水,晴後一時曇,653,593930,0,0,0,
2021/11/18 0:00,18,18,木,曇時々晴,602,503110,0,0,0,
2021/11/19 0:00,19,19,金,晴,616,604470,0,0,0,
2021/11/20 0:00,20,20,土,晴,864,882370,0,0,0,
2021/11/21 0:00,21,21,日,曇一時晴後雨,868,938655,0,0,0,
2021/11/22 0:00,22,22,月,雨後曇,458,412250,0,1,0,
2021/11/23 0:00,23,23,火,雨時々曇一時晴,655,632425,1,0,0,
2021/11/24 0:00,24,24,水,曇時々雨一時晴,414,376355,0,0,0,
2021/11/25 0:00,25,25,木,曇一時雨後晴,461,407280,0,0,0,
2021/11/26 0:00,26,26,金,晴,456,399945,0,0,0,
2021/11/27 0:00,27,27,土,晴一時曇,665,694560,0,0,0,
2021/11/28 0:00,28,28,日,晴,801,801025,0,0,0,
2021/11/29 0:00,29,29,月,晴一時曇,461,449680,0,0,0,
2021/11/30 0:00,30,30,火,大雨時々曇、雷を伴う,278,245190,0,0,0,
2021/12/1 0:00,1,1,水,曇時々雨一時晴,284,280305,0,0,0,
2021/12/2 0:00,2,2,木,晴後曇一時雨,338,285870,0,0,0,
2021/12/3 0:00,3,3,金,雨時々曇一時晴,354,362795,0,0,0,
2021/12/4 0:00,4,4,土,曇一時雨後晴,451,457975,0,0,0,
2021/12/5 0:00,5,5,日,晴時々曇,648,744495,0,0,0,
2021/12/6 0:00,6,6,月,晴時々曇,334,303525,0,0,0,
2021/12/7 0:00,7,7,火,雨時々曇一時晴,340,323840,0,0,0,
2021/12/8 0:00,8,8,水,曇時々晴,333,327330,0,0,0,
2021/12/9 0:00,9,9,木,晴時々曇,400,326320,0,0,0,
2021/12/10 0:00,10,10,金,晴時々曇,393,372635,0,0,0,
2021/12/11 0:00,11,11,土,曇時々晴,484,526290,0,0,0,
2021/12/12 0:00,12,12,日,曇時々晴,635,678875,0,0,0,
2021/12/13 0:00,13,13,月,晴,316,323620,0,0,0,
2021/12/14 0:00,14,14,火,曇時々晴,323,310605,0,0,0,
2021/12/15 0:00,15,15,水,晴時々曇,391,403050,0,0,0,
2021/12/16 0:00,16,16,木,雨時々曇,275,313905,0,0,0,
2021/12/17 0:00,17,17,金,曇後雪時々雨、みぞれを伴う,312,283745,0,0,0,
2021/12/18 0:00,18,18,土,曇時々晴,391,450840,0,0,0,
2021/12/19 0:00,19,19,日,みぞれ時々雨後曇一時晴,513,576335,0,0,0,
2021/12/20 0:00,20,20,月,晴時々曇,358,388665,0,0,0,
2021/12/21 0:00,21,21,火,曇時々晴,319,272455,0,0,0,
2021/12/22 0:00,22,22,水,晴一時曇,375,402180,0,0,0,
2021/12/23 0:00,23,23,木,晴一時曇,341,341270,0,0,0,
2021/12/24 0:00,24,24,金,晴時々曇後雨,340,369890,0,0,0,
2021/12/25 0:00,25,25,土,晴一時曇,471,530385,0,0,0,
2021/12/26 0:00,26,26,日,曇時々晴一時雪,456,538610,0,0,0,
2021/12/27 0:00,27,27,月,晴時々曇,356,414855,0,0,0,
2021/12/28 0:00,28,28,火,曇,467,668725,0,0,0,
2021/12/29 0:00,29,29,水,雨後時々曇,609,769920,0,0,0,
2021/12/30 0:00,30,30,木,晴時々曇,668,723495,0,0,0,
2021/12/31 0:00,31,31,金,晴一時雪,311,302220,0,1,0,
2022/1/1 0:00,1,1,土,晴一時曇,,,1,0,0,
2022/1/2 0:00,2,2,日,雨時々曇後晴,,,0,0,0,
2022/1/3 0:00,3,3,月,晴一時曇,314,326125,0,0,0,
2022/1/4 0:00,4,4,火,晴一時曇,329,299415,0,0,0,
2022/1/5 0:00,5,5,水,曇後一時雨,265,225100,0,0,0,
2022/1/6 0:00,6,6,木,曇時々晴一時雨,286,251645,0,0,0,
2022/1/7 0:00,7,7,金,晴,299,302945,0,0,0,
2022/1/8 0:00,8,8,土,晴後一時曇,471,540180,0,0,0,
2022/1/9 0:00,9,9,日,曇一時晴,552,572500,0,1,0,
2022/1/10 0:00,10,10,月,晴,444,458125,1,0,0,
2022/1/11 0:00,11,11,火,雨時々曇一時晴、みぞれを伴う,240,228560,0,0,0,
2022/1/12 0:00,12,12,水,晴時々曇,263,234025,0,0,0,
2022/1/13 0:00,13,13,木,雨時々雪一時曇、みぞれを伴う,246,220525,0,0,0,
2022/1/14 0:00,14,14,金,晴,289,248720,0,0,0,
2022/1/15 0:00,15,15,土,曇後一時雨,412,444755,0,0,0,
2022/1/16 0:00,16,16,日,曇時々雨、みぞれを伴う,454,451055,0,0,0,
2022/1/17 0:00,17,17,月,曇時々晴,299,283480,0,0,0,
2022/1/18 0:00,18,18,火,晴一時曇、みぞれを伴う,324,260660,0,0,0,
2022/1/19 0:00,19,19,水,晴,308,273990,0,0,0,
2022/1/20 0:00,20,20,木,晴一時雪後曇、みぞれを伴う,267,239225,0,0,0,
2022/1/21 0:00,21,21,金,曇時々晴,284,267655,0,0,0,
2022/1/22 0:00,22,22,土,曇時々晴,432,434155,0,0,0,
2022/1/23 0:00,23,23,日,雨,384,384885,0,0,0,
2022/1/24 0:00,24,24,月,曇時々晴,266,249290,0,0,0,
2022/1/25 0:00,25,25,火,晴,277,237880,0,0,0,
2022/1/26 0:00,26,26,水,晴一時曇,309,280860,0,0,0,
2022/1/27 0:00,27,27,木,曇後時々晴,326,296805,0,0,0,
2022/1/28 0:00,28,28,金,晴後一時曇,291,278565,0,0,0,
2022/1/29 0:00,29,29,土,曇後一時晴,405,378740,0,0,0,
2022/1/30 0:00,30,30,日,曇後時々晴,492,542870,0,0,0,
2022/1/31 0:00,31,31,月,晴,298,294370,0,0,0,
2022/2/1 0:00,1,1,火,雨一時雪後曇、みぞれを伴う,261,243315,0,0,0,
2022/2/2 0:00,2,2,水,曇一時晴,291,255105,0,0,0,
2022/2/3 0:00,3,3,木,曇後時々晴,284,267120,0,0,0,
2022/2/4 0:00,4,4,金,晴一時曇,276,247200,0,0,0,
2022/2/5 0:00,5,5,土,曇後雪時々みぞれ一時雨,326,351740,0,0,0,
2022/2/6 0:00,6,6,日,晴時々曇一時雪,457,475405,0,0,0,
2022/2/7 0:00,7,7,月,曇一時晴,265,211250,0,0,0,
2022/2/8 0:00,8,8,火,雨後曇時々晴,267,236420,0,0,0,
2022/2/9 0:00,9,9,水,晴一時曇,332,307370,0,0,0,
2022/2/10 0:00,10,10,木,雨時々曇,303,266445,0,1,0,
2022/2/11 0:00,11,11,金,曇時々晴一時雨,509,522820,1,0,0,
2022/2/12 0:00,12,12,土,曇時々晴,565,551185,0,0,0,
2022/2/13 0:00,13,13,日,雨後曇,414,392985,0,0,0,
2022/2/14 0:00,14,14,月,曇後晴,319,319620,0,0,0,
2022/2/15 0:00,15,15,火,晴時々曇,316,305300,0,0,0,
2022/2/16 0:00,16,16,水,雪時々曇一時みぞれ,265,251950,0,0,0,
2022/2/17 0:00,17,17,木,晴時々曇一時雪,321,279330,0,0,0,
2022/2/18 0:00,18,18,金,晴時々曇,352,327240,0,0,0,
2022/2/19 0:00,19,19,土,雨,354,374915,0,0,0,
2022/2/20 0:00,20,20,日,雪時々曇後晴,529,565555,0,0,0,
2022/2/21 0:00,21,21,月,晴時々曇,293,264510,0,0,0,
2022/2/22 0:00,22,22,火,晴後一時曇,344,339945,0,1,0,
2022/2/23 0:00,23,23,水,曇後一時晴,505,514025,1,0,0,
2022/2/24 0:00,24,24,木,晴一時曇,328,308685,0,0,0,
2022/2/25 0:00,25,25,金,晴,357,337060,0,0,0,
2022/2/26 0:00,26,26,土,晴時々曇,498,528275,0,0,0,
2022/2/27 0:00,27,27,日,晴,679,691140,0,0,0,
2022/2/28 0:00,28,28,月,晴後時々曇,355,351855,0,0,0,
2022/3/1 0:00,1,1,火,雨時々曇,250,242140,0,0,0,
2022/3/2 0:00,2,2,水,晴,367,343180,0,0,0,
2022/3/3 0:00,3,3,木,晴,380,355855,0,0,0,
2022/3/4 0:00,4,4,金,曇時々晴後雨,349,332510,0,0,0,
2022/3/5 0:00,5,5,土,晴,547,562065,0,0,0,
2022/3/6 0:00,6,6,日,晴,663,698870,0,0,0,
2022/3/7 0:00,7,7,月,曇一時晴,347,322755,0,0,0,
2022/3/8 0:00,8,8,火,晴,394,388895,0,0,0,
2022/3/9 0:00,9,9,水,晴,415,410265,0,0,0,
2022/3/10 0:00,10,10,木,晴,361,358110,0,0,0,
2022/3/11 0:00,11,11,金,晴時々曇,343,327800,0,0,0,
2022/3/12 0:00,12,12,土,晴,589,564775,0,0,0,
2022/3/13 0:00,13,13,日,曇後一時雨,669,640065,0,0,0,
2022/3/14 0:00,14,14,月,曇時々雨一時晴,356,348980,0,0,0,
2022/3/15 0:00,15,15,火,晴,375,364265,0,0,0,
2022/3/16 0:00,16,16,水,晴,380,376910,0,0,0,
2022/3/17 0:00,17,17,木,曇時々晴,425,425295,0,0,0,
2022/3/18 0:00,18,18,金,雨後曇一時晴,359,370155,0,0,0,
2022/3/19 0:00,19,19,土,雨時々曇,543,655265,0,0,0,
2022/3/20 0:00,20,20,日,曇一時晴,842,948790,0,1,0,
2022/3/21 0:00,21,21,月,曇時々雨,657,697200,1,0,0,
2022/3/22 0:00,22,22,火,雨時々晴後曇,342,335665,0,0,0,
2022/3/23 0:00,23,23,水,雨時々曇,321,326390,0,0,0,
2022/3/24 0:00,24,24,木,曇一時雨後晴、霧を伴う,318,273450,0,0,0,
2022/3/25 0:00,25,25,金,晴後時々曇,394,383130,0,0,0,
2022/3/26 0:00,26,26,土,大雨後曇,359,395805,0,0,0,
2022/3/27 0:00,27,27,日,曇後晴,709,724710,0,0,0,
2022/3/28 0:00,28,28,月,曇,405,396520,0,0,0,
2022/3/29 0:00,29,29,火,曇時々晴,435,418910,0,0,0,
2022/3/30 0:00,30,30,水,曇後一時雨,413,386175,0,0,0,
2022/3/31 0:00,31,31,木,雨後時々曇一時晴,360,352765,0,0,0,
2022/4/1 0:00,1,1,金,晴,412,392200,0,0,0,晴後時々曇
2022/4/2 0:00,2,2,土,晴,599,640090,0,0,0,晴時々曇
2022/4/3 0:00,3,3,日,晴,772,758635,0,0,0,晴
2022/4/4 0:00,4,4,月,晴,402,379285,0,0,0,晴
2022/4/5 0:00,5,5,火,晴,347,337560,0,0,0,晴時々曇
2022/4/6 0:00,6,6,水,晴,326,291540,0,0,0,晴一時曇
2022/4/7 0:00,7,7,木,晴,351,344890,0,0,0,晴一時曇
2022/4/8 0:00,8,8,金,晴,395,372625,0,0,0,晴
2022/4/9 0:00,9,9,土,晴,622,618860,0,0,0,晴
2022/4/10 0:00,10,10,日,晴,733,738660,0,0,0,晴時々曇
2022/4/11 0:00,11,11,月,晴,338,339775,0,0,0,曇時々雨一時晴
2022/4/12 0:00,12,12,火,曇,346,318520,0,0,0,曇一時雨後晴
2022/4/13 0:00,13,13,水,曇,372,360875,0,0,0,曇時々晴
2022/4/14 0:00,14,14,木,雨,288,275620,0,0,0,大雨後時々曇、雷を伴う
2022/4/15 0:00,15,15,金,曇,401,397630,0,0,0,曇時々晴一時雨
2022/4/16 0:00,16,16,土,晴,649,700600,0,0,0,晴一時曇
2022/4/17 0:00,17,17,日,晴,753,815175,0,0,0,晴
2022/4/18 0:00,18,18,月,晴,380,347980,0,0,0,曇
2022/4/19 0:00,19,19,火,晴,414,363840,0,0,0,晴一時曇
2022/4/20 0:00,20,20,水,晴,451,417385,0,0,0,晴
2022/4/21 0:00,21,21,木,曇,315,307595,0,0,0,雨時々曇
2022/4/22 0:00,22,22,金,晴,425,386985,0,0,0,晴
2022/4/23 0:00,23,23,土,曇雨,559,635845,0,0,0,雨一時曇
2022/4/24 0:00,24,24,日,雨晴,680,694135,0,0,0,曇一時雨
2022/4/25 0:00,25,25,月,晴,394,364555,0,0,0,曇時々晴
2022/4/26 0:00,26,26,火,雨,229,234125,0,0,0,大雨、雷を伴う
2022/4/27 0:00,27,27,水,晴,329,298270,0,0,0,曇後時々晴
2022/4/28 0:00,28,28,木,晴,374,345090,0,1,0,晴一時曇
2022/4/29 0:00,29,29,金,雨,423,477840,1,0,0,大雨時々曇、大風を伴う
2022/4/30 0:00,30,30,土,晴,640,665550,0,0,0,曇後晴
2022/5/1 0:00,1,1,日,曇,744,764830,0,0,0,
2022/5/2 0:00,2,2,月,晴,517,558690,0,1,0,
2022/5/3 0:00,3,3,火,晴,888,907090,1,1,0,
2022/5/4 0:00,4,4,水,晴,939,915345,1,1,0,
2022/5/5 0:00,5,5,木,晴,825,740065,1,0,0,
2022/5/6 0:00,6,6,金,晴,362,331890,0,0,0,
2022/5/7 0:00,7,7,土,晴,517,448685,0,0,0,
2022/5/8 0:00,8,8,日,晴,697,663815,0,0,0,
2022/5/9 0:00,9,9,月,晴,391,362975,0,0,0,
2022/5/10 0:00,10,10,火,曇,390,369380,0,0,0,
2022/5/11 0:00,11,11,水,雨曇,331,321665,0,0,0,
2022/5/12 0:00,12,12,木,雨,327,299485,0,0,0,
2022/5/13 0:00,13,13,金,雨,316,300625,0,0,0,
2022/5/14 0:00,14,14,土,晴,587,641735,0,0,0,
2022/5/15 0:00,15,15,日,晴,737,706400,0,0,0,
2022/5/16 0:00,16,16,月,曇,376,331430,0,0,0,
2022/5/17 0:00,17,17,火,晴,384,337155,0,0,0,
2022/5/18 0:00,18,18,水,晴,394,375035,0,0,0,
2022/5/19 0:00,19,19,木,晴,397,359680,0,0,0,
2022/5/20 0:00,20,20,金,曇,354,306930,0,0,0,
2022/5/21 0:00,21,21,土,晴,555,550080,0,0,0,
2022/5/22 0:00,22,22,日,晴,757,743460,0,0,0,
2022/5/23 0:00,23,23,月,曇,413,413905,0,0,0,
2022/5/24 0:00,24,24,火,晴,398,367525,0,0,0,
2022/5/25 0:00,25,25,水,晴,419,437085,0,0,0,
2022/5/26 0:00,26,26,木,晴,338,318910,0,0,0,
2022/5/27 0:00,27,27,金,晴,399,369495,0,0,0,
2022/5/28 0:00,28,28,土,晴,671,688450,0,0,0,
2022/5/29 0:00,29,29,日,晴,771,715020,0,0,0,
2022/5/30 0:00,30,30,月,小雨,367,393890,0,0,0,
2022/5/31 0:00,31,31,火,曇,403,394180,0,0,0,
2022/6/1 0:00,1,1,水,晴,397,408310,0,0,0,
2022/6/2 0:00,2,2,木,晴,405,382335,0,0,0,
2022/6/3 0:00,3,3,金,晴,388,384110,0,0,0,
2022/6/4 0:00,4,4,土,晴,620,634080,0,0,0,
2022/6/5 0:00,5,5,日,小雨,539,631750,0,0,0,
2022/6/6 0:00,6,6,月,小雨,419,377690,0,0,0,
2022/6/7 0:00,7,7,火,晴,407,394835,0,0,0,
2022/6/8 0:00,8,8,水,晴,427,394925,0,0,0,
2022/6/9 0:00,9,9,木,晴,434,389450,0,0,0,
2022/6/10 0:00,10,10,金,晴,449,448335,0,0,0,
2022/6/11 0:00,11,11,土,雨,582,616530,0,0,0,
2022/6/12 0:00,12,12,日,晴,898,939475,0,0,0,
2022/6/13 0:00,13,13,月,雨,346,373270,0,0,0,
2022/6/14 0:00,14,14,火,雨,323,320185,0,0,0,
2022/6/15 0:00,15,15,水,曇晴,507,461215,0,0,0,
2022/6/16 0:00,16,16,木,晴,467,452880,0,0,0,
2022/6/17 0:00,17,17,金,晴,445,389675,0,0,0,
2022/6/18 0:00,18,18,土,晴,669,630670,0,0,0,
2022/6/19 0:00,19,19,日,曇,837,837875,0,0,0,
2022/6/20 0:00,20,20,月,小雨曇,374,370675,0,0,0,
2022/6/21 0:00,21,21,火,雨,269,258065,0,0,0,
2022/6/22 0:00,22,22,水,曇,362,348715,0,0,0,
2022/6/23 0:00,23,23,木,曇,358,345710,0,0,0,
2022/6/24 0:00,24,24,金,曇雨,319,326995,0,0,0,
2022/6/25 0:00,25,25,土,雨,442,459720,0,0,0,
2022/6/26 0:00,26,26,日,曇,720,695740,0,0,0,
2022/6/27 0:00,27,27,月,晴,392,347510,0,0,0,
2022/6/28 0:00,28,28,火,晴,339,285650,0,0,0,
2022/6/29 0:00,29,29,水,晴,345,297865,0,0,0,
2022/6/30 0:00,30,30,木,晴,364,298395,0,0,0,
2022/7/1 0:00,1,1,金,晴,349,313730,0,0,0,
2022/7/2 0:00,2,2,土,晴,517,485725,0,0,0,
2022/7/3 0:00,3,3,日,曇,586,561845,0,0,0,
2022/7/4 0:00,4,4,月,晴曇,328,291080,0,0,0,
2022/7/5 0:00,5,5,火,雨曇,201,195640,0,0,0,
2022/7/6 0:00,6,6,水,曇,295,270110,0,0,0,
2022/7/7 0:00,7,7,木,晴曇,320,269695,0,0,0,
2022/7/8 0:00,8,8,金,曇,292,270385,0,0,0,
2022/7/9 0:00,9,9,土,曇晴,549,557110,0,0,0,
2022/7/10 0:00,10,10,日,晴,659,621455,0,0,0,
2022/7/11 0:00,11,11,月,曇,359,293435,0,0,0,
2022/7/12 0:00,12,12,火,雨,332,300155,0,0,0,
2022/7/13 0:00,13,13,水,晴,364,331085,0,0,0,
2022/7/14 0:00,14,14,木,曇,354,284705,0,0,0,
2022/7/15 0:00,15,15,金,曇雨,291,264520,0,0,0,
2022/7/16 0:00,16,16,土,曇晴,453,484185,0,0,0,
2022/7/17 0:00,17,17,日,晴,782,761880,0,1,0,
2022/7/18 0:00,18,18,月,雨,443,431600,1,0,0,
2022/7/19 0:00,19,19,火,大雨晴,198,167355,0,0,0,
2022/7/20 0:00,20,20,水,曇晴,349,336235,0,0,0,
2022/7/21 0:00,21,21,木,曇,327,302090,0,0,0,
2022/7/22 0:00,22,22,金,晴,328,270005,0,0,0,
2022/7/23 0:00,23,23,土,晴,552,530595,0,0,0,
2022/7/24 0:00,24,24,日,晴雨,610,636615,0,0,0,
2022/7/25 0:00,25,25,月,曇晴,395,348850,0,0,0,
2022/7/26 0:00,26,26,火,晴,325,328210,0,0,0,
2022/7/27 0:00,27,27,水,晴,349,324950,0,0,0,
2022/7/28 0:00,28,28,木,晴,344,338465,0,0,0,
2022/7/29 0:00,29,29,金,晴,354,302615,0,0,0,
2022/7/30 0:00,30,30,土,曇,536,529730,0,0,0,
2022/7/31 0:00,31,31,日,晴,703,674280,0,0,0,
2022/8/1 0:00,1,1,月,晴,352,326560,0,0,0,
2022/8/2 0:00,2,2,火,晴,326,262270,0,0,0,
2022/8/3 0:00,3,3,水,晴,362,298665,0,0,0,
2022/8/4 0:00,4,4,木,晴,345,317465,0,0,0,
2022/8/5 0:00,5,5,金,晴,351,327830,0,0,0,
2022/8/6 0:00,6,6,土,晴雨,504,551685,0,0,0,
2022/8/7 0:00,7,7,日,晴,685,709250,0,0,0,
2022/8/8 0:00,8,8,月,晴,383,417625,0,0,0,
2022/8/9 0:00,9,9,火,晴,394,416195,0,0,0,
2022/8/10 0:00,10,10,水,晴,481,546385,0,1,0,
2022/8/11 0:00,11,11,木,晴,850,985055,1,0,0,
2022/8/12 0:00,12,12,金,曇,628,767965,0,0,0,
2022/8/13 0:00,13,13,土,晴,695,795080,0,0,0,
2022/8/14 0:00,14,14,日,晴,769,852450,0,0,0,
2022/8/15 0:00,15,15,月,晴雨,563,553830,0,0,0,
2022/8/16 0:00,16,16,火,晴雨,292,291160,0,0,0,
2022/8/17 0:00,17,17,水,雨曇,229,253695,0,0,0,
2022/8/18 0:00,18,18,木,曇,338,310670,0,0,0,
2022/8/19 0:00,19,19,金,晴曇,415,404120,0,0,0,
2022/8/20 0:00,20,20,土,曇,506,547670,0,0,0,
2022/8/21 0:00,21,21,日,晴曇,678,678265,0,0,0,
2022/8/22 0:00,22,22,月,晴,375,354690,0,0,0,
2022/8/23 0:00,23,23,火,曇,389,350275,0,0,0,
2022/8/24 0:00,24,24,水,曇,306,302005,0,0,0,
2022/8/25 0:00,25,25,木,晴,355,338955,0,0,0,
2022/8/26 0:00,26,26,金,晴,384,372135,0,0,0,
2022/8/27 0:00,27,27,土,晴,599,605410,0,0,0,
2022/8/28 0:00,28,28,日,晴,705,743445,0,0,0,
2022/8/29 0:00,29,29,月,晴,385,335810,0,0,0,
2022/8/30 0:00,30,30,火,晴,393,349565,0,0,0,
2022/8/31 0:00,31,31,水,晴雨,411,403825,0,0,0,
2022/9/1 0:00,1,1,木,曇,311,285480,0,0,0,
2022/9/2 0:00,2,2,金,曇,283,444025,0,0,0,
2022/9/3 0:00,3,3,土,雨,413,402760,0,0,0,
2022/9/4 0:00,4,4,日,曇晴,598,607390,0,0,0,
2022/9/5 0:00,5,5,月,曇,,,0,0,0,
2022/9/6 0:00,6,6,火,曇雨,,,0,0,0,
2022/9/7 0:00,7,7,水,晴,365,343075,0,0,0,
2022/9/8 0:00,8,8,木,晴,379,364505,0,0,0,
2022/9/9 0:00,9,9,金,晴,384,377050,0,0,0,
2022/9/10 0:00,10,10,土,晴,653,709000,0,0,0,
2022/9/11 0:00,11,11,日,晴,773,743510,0,0,0,
2022/9/12 0:00,12,12,月,晴,371,339160,0,0,0,
2022/9/13 0:00,13,13,火,晴,362,334240,0,0,0,
2022/9/14 0:00,14,14,水,晴,417,417285,0,0,0,
2022/9/15 0:00,15,15,木,晴,403,361320,0,0,0,
2022/9/16 0:00,16,16,金,晴,412,417475,0,0,0,
2022/9/17 0:00,17,17,土,曇,573,579455,0,0,0,
2022/9/18 0:00,18,18,日,曇雨,,,0,1,0,
2022/9/19 0:00,19,19,月,雨,50,130560,1,0,0,
2022/9/20 0:00,20,20,火,晴,374,425080,0,0,0,
2022/9/21 0:00,21,21,水,曇晴,506,593945,0,0,0,
2022/9/22 0:00,22,22,木,晴,434,463530,0,1,0,
2022/9/23 0:00,23,23,金,曇雨,761,882305,1,0,0,
2022/9/24 0:00,24,24,土,晴,735,761150,0,0,0,
2022/9/25 0:00,25,25,日,曇,846,822905,0,0,0,
2022/9/26 0:00,26,26,月,雨,384,361645,0,0,0,
2022/9/27 0:00,27,27,火,雨,378,387130,0,0,0,
2022/9/28 0:00,28,28,水,晴,434,392335,0,0,0,
2022/9/29 0:00,29,29,木,曇,366,340710,0,0,0,
2022/9/30 0:00,30,30,金,晴,404,410905,0,0,0,
2022/10/1 0:00,1,1,土,晴,625,680315,0,0,0,
2022/10/2 0:00,2,2,日,晴,821,832015,0,0,0,
2022/10/3 0:00,3,3,月,晴,390,357295,0,0,0,
2022/10/4 0:00,4,4,火,晴,396,368325,0,0,0,
2022/10/5 0:00,5,5,水,曇晴,352,328910,0,0,0,
2022/10/6 0:00,6,6,木,曇,390,348005,0,0,0,
2022/10/7 0:00,7,7,金,雨曇,361,352745,0,0,0,
2022/10/8 0:00,8,8,土,晴,679,637920,0,0,0,
2022/10/9 0:00,9,9,日,曇雨,782,778890,0,1,0,
2022/10/10 0:00,10,10,月,曇晴,612,607065,1,0,0,
2022/10/11 0:00,11,11,火,曇,404,383675,0,0,0,
2022/10/12 0:00,12,12,水,晴,412,404805,0,0,0,
2022/10/13 0:00,13,13,木,晴,395,346790,0,0,0,
2022/10/14 0:00,14,14,金,晴,448,424215,0,0,0,
2022/10/15 0:00,15,15,土,晴,700,710370,0,0,0,
2022/10/16 0:00,16,16,日,晴曇,721,715475,0,0,0,
2022/10/17 0:00,17,17,月,雨曇,401,400370,0,0,0,
2022/10/18 0:00,18,18,火,晴,436,442420,0,0,0,
2022/10/19 0:00,19,19,水,晴,408,400565,0,0,0,
2022/10/20 0:00,20,20,木,晴,445,435280,0,0,0,
2022/10/21 0:00,21,21,金,晴,458,463885,0,0,0,
2022/10/22 0:00,22,22,土,曇晴,680,703230,0,0,0,
2022/10/23 0:00,23,23,日,曇,801,843770,0,0,0,
2022/10/24 0:00,24,24,月,晴,374,405635,0,0,0,
2022/10/25 0:00,25,25,火,雨晴,375,394700,0,0,0,
2022/10/26 0:00,26,26,水,晴,379,390700,0,0,0,
2022/10/27 0:00,27,27,木,曇,397,411150,0,0,0,
2022/10/28 0:00,28,28,金,晴,381,398645,0,0,0,
2022/10/29 0:00,29,29,土,晴,600,606175,0,0,0,
2022/10/30 0:00,30,30,日,晴,786,833370,0,0,0,
2022/10/31 0:00,31,31,月,晴,383,394000,0,0,0,
2022/11/1 0:00,1,1,火,曇,325,304420,0,0,0,
2022/11/2 0:00,2,2,水,晴,435,403500,0,1,0,
2022/11/3 0:00,3,3,木,晴,642,826270,1,0,0,
2022/11/4 0:00,4,4,金,晴,432,467120,0,0,0,
2022/11/5 0:00,5,5,土,晴,662,713675,0,0,0,
2022/11/6 0:00,6,6,日,晴,798,849275,0,0,0,
2022/11/7 0:00,7,7,月,晴,426,411900,0,0,0,
2022/11/8 0:00,8,8,火,晴,459,501220,0,0,0,
2022/11/9 0:00,9,9,水,晴,489,505955,0,0,0,
2022/11/10 0:00,10,10,木,晴,464,454030,0,0,0,
2022/11/11 0:00,11,11,金,晴,490,513895,0,0,0,
2022/11/12 0:00,12,12,土,晴,811,807590,0,0,0,
2022/11/13 0:00,13,13,日,曇雨,770,816675,0,0,0,
2022/11/14 0:00,14,14,月,曇,576,626235,0,0,0,
2022/11/15 0:00,15,15,火,曇,515,518710,0,0,0,
2022/11/16 0:00,16,16,水,晴,531,512340,0,0,0,
2022/11/17 0:00,17,17,木,曇,501,485125,0,0,0,
2022/11/18 0:00,18,18,金,曇,553,546655,0,0,0,
2022/11/19 0:00,19,19,土,曇雨,684,767445,0,0,0,
2022/11/20 0:00,20,20,日,晴,915,954290,0,0,0,
2022/11/21 0:00,21,21,月,晴,477,484575,0,0,0,
2022/11/22 0:00,22,22,火,曇,427,530430,0,1,0,
2022/11/23 0:00,23,23,水,曇雨,651,734965,1,0,0,
2022/11/24 0:00,24,24,木,曇晴,379,416810,0,0,0,
2022/11/25 0:00,25,25,金,晴,369,335035,0,0,0,
2022/11/26 0:00,26,26,土,晴,657,676770,0,0,0,
2022/11/27 0:00,27,27,日,晴,751,772730,0,0,0,
2022/11/28 0:00,28,28,月,晴,369,380520,0,0,0,
2022/11/29 0:00,29,29,火,雨,337,344870,0,0,0,
2022/11/30 0:00,30,30,水,曇,304,292500,0,0,0,
2022/12/1 0:00,1,1,木,曇,316,320490,0,0,0,
2022/12/2 0:00,2,2,金,曇,254,255685,0,0,0,
2022/12/3 0:00,3,3,土,曇晴,435,429680,0,0,0,
2022/12/4 0:00,4,4,日,雨曇,477,537675,0,0,0,
2022/12/5 0:00,5,5,月,曇,310,347450,0,0,0,
2022/12/6 0:00,6,6,火,晴,274,283510,0,0,0,
2022/12/7 0:00,7,7,水,曇晴,305,290235,0,0,0,
2022/12/8 0:00,8,8,木,曇晴,353,316595,0,0,0,
2022/12/9 0:00,9,9,金,晴,327,352885,0,0,0,
2022/12/10 0:00,10,10,土,晴,524,615630,0,0,0,
2022/12/11 0:00,11,11,日,曇,506,544185,0,0,0,
2022/12/12 0:00,12,12,月,晴,292,304645,0,0,0,
2022/12/13 0:00,13,13,火,曇雨,294,295930,0,0,0,
2022/12/14 0:00,14,14,水,曇,306,288275,0,0,0,
2022/12/15 0:00,15,15,木,曇晴,283,321945,0,0,0,
2022/12/16 0:00,16,16,金,晴,326,384005,0,0,0,
2022/12/17 0:00,17,17,土,曇雨,409,469625,0,0,0,
2022/12/18 0:00,18,18,日,雪,283,310575,0,0,0,
2022/12/19 0:00,19,19,月,曇,254,268250,0,0,0,
2022/12/20 0:00,20,20,火,曇,334,335630,0,0,0,
2022/12/21 0:00,21,21,水,雨,299,295355,0,0,0,
2022/12/22 0:00,22,22,木,雪,304,339965,0,0,0,
2022/12/23 0:00,23,23,金,雪,182,180645,0,0,0,
2022/12/24 0:00,24,24,土,雪曇,272,276840,0,0,0,
2022/12/25 0:00,25,25,日,雨曇晴,472,631370,0,0,0,
2022/12/26 0:00,26,26,月,晴,382,479395,0,0,0,
2022/12/27 0:00,27,27,火,晴,434,567705,0,0,0,
2022/12/28 0:00,28,28,水,晴曇,498,738350,0,0,0,
2022/12/29 0:00,29,29,木,曇,629,870135,0,0,0,
2022/12/30 0:00,30,30,金,晴,622,794335,0,0,0,
2022/12/31 0:00,31,31,土,晴,314,319315,0,1,0,
2023/1/1 0:00,1,1,日,曇,,,1,1,0,
2023/1/2 0:00,2,2,月,晴,,,0,0,1,
2023/1/3 0:00,3,3,火,晴,307,320320,0,0,0,
2023/1/4 0:00,4,4,水,晴,277,244790,0,0,0,
2023/1/5 0:00,5,5,木,曇,254,244685,0,0,0,
2023/1/6 0:00,6,6,金,曇,299,297140,0,0,0,
2023/1/7 0:00,7,7,土,晴,352,337890,0,0,0,
2023/1/8 0:00,8,8,日,晴,567,603995,0,1,0,
2023/1/9 0:00,9,9,月,晴,449,448680,1,0,0,
2023/1/10 0:00,10,10,火,晴,286,258735,0,0,0,
2023/1/11 0:00,11,11,水,晴,298,285650,0,0,0,
2023/1/12 0:00,12,12,木,雨,282,270725,0,0,0,
2023/1/13 0:00,13,13,金,雨,256,254490,0,0,0,
2023/1/14 0:00,14,14,土,雨,365,373255,0,0,0,
2023/1/15 0:00,15,15,日,曇,498,508300,0,0,0,
2023/1/16 0:00,16,16,月,晴雨,311,271815,0,0,0,
2023/1/17 0:00,17,17,火,曇,278,260755,0,0,0,
2023/1/18 0:00,18,18,水,曇,293,242900,0,0,0,
2023/1/19 0:00,19,19,木,曇,284,266225,0,0,0,
2023/1/20 0:00,20,20,金,曇晴,274,256670,0,0,0,
2023/1/21 0:00,21,21,土,晴,501,536710,0,0,0,
2023/1/22 0:00,22,22,日,曇雨,455,449170,0,0,0,
2023/1/23 0:00,23,23,月,曇,265,265595,0,0,0,
2023/1/24 0:00,24,24,火,雪曇,157,161190,0,0,0,
2023/1/25 0:00,25,25,水,曇晴,92,83820,0,0,0,
2023/1/26 0:00,26,26,木,曇,245,241870,0,0,0,
2023/1/27 0:00,27,27,金,雨曇,232,238900,0,0,0,
2023/1/28 0:00,28,28,土,曇晴,372,368805,0,0,0,
2023/1/29 0:00,29,29,日,曇,502,461655,0,0,0,
2023/1/30 0:00,30,30,月,曇晴,301,278015,0,0,0,
2023/1/31 0:00,31,31,火,晴,326,317040,0,0,0,
2023/2/1 0:00,1,1,水,曇晴,380,332815,0,0,0,
2023/2/2 0:00,2,2,木,晴,325,302000,0,0,0,
2023/2/3 0:00,3,3,金,曇,324,335020,0,0,0,
2023/2/4 0:00,4,4,土,晴,503,515990,0,0,0,
2023/2/5 0:00,5,5,日,晴,663,633960,0,0,0,
2023/2/6 0:00,6,6,月,曇,281,250415,0,0,0,
2023/2/7 0:00,7,7,火,雨曇,287,285755,0,0,0,
2023/2/8 0:00,8,8,水,晴,392,411930,0,0,0,
2023/2/9 0:00,9,9,木,曇,336,301625,0,0,0,
2023/2/10 0:00,10,10,金,雨曇,315,325420,0,1,0,
2023/2/11 0:00,11,11,土,晴,627,692980,1,0,0,
2023/2/12 0:00,12,12,日,晴,641,722675,0,0,0,
2023/2/13 0:00,13,13,月,雨,281,280360,0,0,0,
2023/2/14 0:00,14,14,火,曇晴,303,296190,0,0,0,
2023/2/15 0:00,15,15,水,晴,349,404790,0,0,0,
2023/2/16 0:00,16,16,木,晴,331,340830,0,0,0,
2023/2/17 0:00,17,17,金,曇,377,341715,0,0,0,
2023/2/18 0:00,18,18,土,雨,409,462775,0,0,0,
2023/2/19 0:00,19,19,日,曇,516,592920,0,0,0,
2023/2/20 0:00,20,20,月,晴,378,344405,0,0,0,
2023/2/21 0:00,21,21,火,曇,370,380425,0,0,0,
2023/2/22 0:00,22,22,水,晴,379,354210,0,1,0,
2023/2/23 0:00,23,23,木,曇,561,543905,1,0,0,
2023/2/24 0:00,24,24,金,雨曇,355,384420,0,0,0,
2023/2/25 0:00,25,25,土,曇,541,551840,0,0,0,
2023/2/26 0:00,26,26,日,晴,660,685150,0,0,0,
2023/2/27 0:00,27,27,月,晴,416,398285,0,0,0,
2023/2/28 0:00,28,28,火,晴,412,374720,0,0,0,
2023/3/1 0:00,1,1,水,晴,297,313915,0,0,0,
2023/3/2 0:00,2,2,木,晴,429,432815,0,0,0,
2023/3/3 0:00,3,3,金,晴,387,390260,0,0,0,
2023/3/4 0:00,4,4,土,晴,614,605535,0,0,0,
2023/3/5 0:00,5,5,日,晴,823,813535,0,0,0,
2023/3/6 0:00,6,6,月,晴,445,415095,0,0,0,
2023/3/7 0:00,7,7,火,晴,436,403530,0,0,0,
2023/3/8 0:00,8,8,水,晴,399,407235,0,0,0,
2023/3/9 0:00,9,9,木,晴,366,367380,0,0,0,
2023/3/10 0:00,10,10,金,晴,424,435785,0,0,0,
2023/3/11 0:00,11,11,土,晴,626,601395,0,0,0,
2023/3/12 0:00,12,12,日,晴雨,653,696190,0,0,0,
2023/3/13 0:00,13,13,月,晴,378,344715,0,0,0,
2023/3/14 0:00,14,14,火,晴,362,358540,0,0,0,
2023/3/15 0:00,15,15,水,晴,386,382675,0,0,0,
2023/3/16 0:00,16,16,木,曇,356,408690,0,0,0,
2023/3/17 0:00,17,17,金,曇,357,360475,0,0,0,
2023/3/18 0:00,18,18,土,雨曇,565,637370,0,0,0,
2023/3/19 0:00,19,19,日,晴,812,931740,0,0,0,
2023/3/20 0:00,20,20,月,晴曇,470,504725,0,1,0,
2023/3/21 0:00,21,21,火,雨,445,503665,1,0,0,
2023/3/22 0:00,22,22,水,晴,331,319550,0,0,0,
2023/3/23 0:00,23,23,木,雨,281,319025,0,0,0,
2023/3/24 0:00,24,24,金,曇,347,363490,0,0,0,
2023/3/25 0:00,25,25,土,曇,559,636425,0,0,0,
2023/3/26 0:00,26,26,日,雨曇,650,679605,0,0,0,
2023/3/27 0:00,27,27,月,晴,397,402500,0,0,0,
2023/3/28 0:00,28,28,火,晴,385,371770,0,0,0,
2023/3/29 0:00,29,29,水,晴,440,401180,0,0,0,
2023/3/30 0:00,30,30,木,晴,439,415795,0,0,0,
2023/3/31 0:00,31,31,金,晴,465,468130,0,0,0,
2023/4/1 0:00,1,1,土,晴,602,677820,0,0,0,
2023/4/2 0:00,2,2,日,晴,735,784975,0,0,0,
2023/4/3 0:00,3,3,月,晴,379,374790,0,0,0,
2023/4/4 0:00,4,4,火,晴,396,362710,0,0,0,
2023/4/5 0:00,5,5,水,雨,291,316420,0,0,0,
2023/4/6 0:00,6,6,木,雨曇,285,282510,0,0,0,
2023/4/7 0:00,7,7,金,雨曇晴,309,320190,0,0,0,
2023/4/8 0:00,8,8,土,晴,597,670250,0,0,0,
2023/4/9 0:00,9,9,日,晴,740,831095,0,0,0,
2023/4/10 0:00,10,10,月,晴,372,387835,0,0,0,
2023/4/11 0:00,11,11,火,晴,364,344780,0,0,0,
2023/4/12 0:00,12,12,水,晴,407,400790,0,0,0,
2023/4/13 0:00,13,13,木,晴,392,370730,0,0,0,
2023/4/14 0:00,14,14,金,曇雨,308,361790,0,0,0,
2023/4/15 0:00,15,15,土,雨,521,516705,0,0,0,
2023/4/16 0:00,16,16,日,晴,772,790625,0,0,0,
2023/4/17 0:00,17,17,月,晴,438,399425,0,0,0,
2023/4/18 0:00,18,18,火,晴,407,450485,0,0,0,
2023/4/19 0:00,19,19,水,曇,417,421695,0,0,0,
2023/4/20 0:00,20,20,木,晴,359,363785,0,0,0,
2023/4/21 0:00,21,21,金,晴,394,387075,0,0,0,
2023/4/22 0:00,22,22,土,晴,677,763150,0,0,0,
2023/4/23 0:00,23,23,日,晴,861,928525,0,0,0,
2023/4/24 0:00,24,24,月,曇雨,339,330775,0,0,0,
2023/4/25 0:00,25,25,火,雨,281,307955,0,0,0,
2023/4/26 0:00,26,26,水,晴,376,394350,0,0,0,
2023/4/27 0:00,27,27,木,晴,420,427000,0,0,0,
2023/4/28 0:00,28,28,金,晴曇,432,424040,0,1,0,
2023/4/29 0:00,29,29,土,雨,435,491640,1,0,0,
2023/4/30 0:00,30,30,日,晴,863,864020,0,0,0,
2023/5/1 0:00,1,1,月,晴,543,581075,0,0,0,
2023/5/2 0:00,2,2,火,晴,609,618575,0,1,0,
2023/5/3 0:00,3,3,水,晴,935,893425,1,1,0,
2023/5/4 0:00,4,4,木,雨,778,858495,1,1,0,
2023/5/5 0:00,5,5,金,曇,788,819760,1,0,0,
2023/5/6 0:00,6,6,土,雨,469,553285,0,0,0,
2023/5/7 0:00,7,7,日,雨,397,416415,0,0,0,
2023/5/8 0:00,8,8,月,晴,328,327685,0,0,0,
2023/5/9 0:00,9,9,火,晴,371,362895,0,0,0,
2023/5/10 0:00,10,10,水,晴,438,449405,0,0,0,
2023/5/11 0:00,11,11,木,晴,384,402740,0,0,0,
2023/5/12 0:00,12,12,金,晴曇,444,457165,0,0,0,
2023/5/13 0:00,13,13,土,雨,406,455475,0,0,0,
2023/5/14 0:00,14,14,日,晴,748,743725,0,0,0,
2023/5/15 0:00,15,15,月,晴,416,386705,0,0,0,
2023/5/16 0:00,16,16,火,晴,413,403930,0,0,0,
2023/5/17 0:00,17,17,水,晴,427,455065,0,0,0,
2023/5/18 0:00,18,18,木,雨,333,333065,0,0,0,
2023/5/19 0:00,19,19,金,雨,336,368655,0,0,0,
2023/5/20 0:00,20,20,土,曇晴,593,575865,0,0,0,
2023/5/21 0:00,21,21,日,晴,755,785325,0,0,0,
2023/5/22 0:00,22,22,月,晴,403,383280,0,0,0,
2023/5/23 0:00,23,23,火,晴,380,357955,0,0,0,
2023/5/24 0:00,24,24,水,晴,430,444215,0,0,0,
2023/5/25 0:00,25,25,木,曇,353,395420,0,0,0,
2023/5/26 0:00,26,26,金,晴,418,455575,0,0,0,
2023/5/27 0:00,27,27,土,晴,681,747945,0,0,0,
2023/5/28 0:00,28,28,日,晴,785,879375,0,0,0,
2023/5/29 0:00,29,29,月,曇雨,376,369920,0,0,0,
2023/5/30 0:00,30,30,火,雨,257,260995,0,0,0,
2023/5/31 0:00,31,31,水,雨晴,333,329800,0,0,0,
2023/6/1 0:00,1,1,木,曇,361,337035,0,0,0,
2023/6/2 0:00,2,2,金,雨晴,316,333040,0,0,0,
2023/6/3 0:00,3,3,土,晴,657,711075,0,0,0,
2023/6/4 0:00,4,4,日,晴,847,811080,0,0,0,
2023/6/5 0:00,5,5,月,曇,448,469595,0,0,0,
2023/6/6 0:00,6,6,火,雨,326,355245,0,0,0,
2023/6/7 0:00,7,7,水,晴,430,413225,0,0,0,
2023/6/8 0:00,8,8,木,雨,333,354460,0,0,0,
2023/6/9 0:00,9,9,金,晴,433,404755,0,0,0,
2023/6/10 0:00,10,10,土,晴,683,664495,0,0,0,
2023/6/11 0:00,11,11,日,晴,834,919540,0,0,0,
2023/6/12 0:00,12,12,月,晴,490,446815,0,0,0,
2023/6/13 0:00,13,13,火,曇,392,368020,0,0,0,
2023/6/14 0:00,14,14,水,曇,455,468385,0,0,0,
2023/6/15 0:00,15,15,木,晴,383,409475,0,0,0,
2023/6/16 0:00,16,16,金,晴,459,492605,0,0,0,
2023/6/17 0:00,17,17,土,晴,773,798555,0,0,0,
2023/6/18 0:00,18,18,日,晴,826,866935,0,0,0,
2023/6/19 0:00,19,19,月,晴,458,424980,0,0,0,
2023/6/20 0:00,20,20,火,晴,418,401050,0,0,0,
2023/6/21 0:00,21,21,水,雨,352,383595,0,0,0,
2023/6/22 0:00,22,22,木,曇,435,442480,0,0,0,
2023/6/23 0:00,23,23,金,晴,416,411435,0,0,0,
2023/6/24 0:00,24,24,土,晴,741,694410,0,0,0,
2023/6/25 0:00,25,25,日,雨,598,588175,0,0,0,
2023/6/26 0:00,26,26,月,雨,363,327930,0,0,0,
2023/6/27 0:00,27,27,火,雨,329,318205,0,0,0,
2023/6/28 0:00,28,28,水,曇,311,307200,0,0,0,
2023/6/29 0:00,29,29,木,雨,328,333925,0,0,0,
2023/6/30 0:00,30,30,金,雨,217,224740,0,0,0,
2023/7/1 0:00,1,1,土,雨,370,387095,0,0,0,
2023/7/2 0:00,2,2,日,雨,672,716455,0,0,0,
2023/7/3 0:00,3,3,月,雨,214,212675,0,0,0,
2023/7/4 0:00,4,4,火,曇,335,321750,0,0,0,
2023/7/5 0:00,5,5,水,雨,263,231380,0,0,0,
2023/7/6 0:00,6,6,木,晴,340,341935,0,0,0,
2023/7/7 0:00,7,7,金,雨,237,247210,0,0,0,
2023/7/8 0:00,8,8,土,雨,342,347805,0,0,0,
2023/7/9 0:00,9,9,日,大雨,342,347645,0,0,0,
2023/7/10 0:00,10,10,月,大雨曇雨,191,149880,0,0,0,
2023/7/11 0:00,11,11,火,曇晴,361,291525,0,0,0,
2023/7/12 0:00,12,12,水,雨,278,273395,0,0,0,
2023/7/13 0:00,13,13,木,晴,303,281180,0,0,0,
2023/7/14 0:00,14,14,金,曇,317,301660,0,0,0,
2023/7/15 0:00,15,15,土,晴,522,522665,0,0,0,
2023/7/16 0:00,16,16,日,晴,832,812240,0,1,0,
2023/7/17 0:00,17,17,月,晴曇,725,695700,1,0,0,
2023/7/18 0:00,18,18,火,曇晴,359,337575,0,0,0,
2023/7/19 0:00,19,19,水,雨,364,345080,0,0,0,
2023/7/20 0:00,20,20,木,曇,285,279760,0,0,0,
2023/7/21 0:00,21,21,金,晴,380,380105,0,0,0,
2023/7/22 0:00,22,22,土,晴,631,621740,0,0,0,
2023/7/23 0:00,23,23,日,曇晴,748,727065,0,0,0,
2023/7/24 0:00,24,24,月,晴,377,369380,0,0,0,
2023/7/25 0:00,25,25,火,晴,368,374720,0,0,0,
2023/7/26 0:00,26,26,水,晴,371,354535,0,0,0,
2023/7/27 0:00,27,27,木,晴,370,336425,0,0,0,
2023/7/28 0:00,28,28,金,晴,370,357655,0,0,0,
2023/7/29 0:00,29,29,土,晴,631,603300,0,0,0,
2023/7/30 0:00,30,30,日,晴,719,733650,0,0,0,
2023/7/31 0:00,31,31,月,晴,407,418575,0,0,0,
2023/8/1 0:00,1,1,火,晴,400,368700,0,0,0,
2023/8/2 0:00,2,2,水,晴,413,373025,0,0,0,
2023/8/3 0:00,3,3,木,晴,341,376925,0,0,0,
2023/8/4 0:00,4,4,金,晴,351,371565,0,0,0,
2023/8/5 0:00,5,5,土,晴,612,625495,0,0,0,
2023/8/6 0:00,6,6,日,晴,799,822990,0,0,0,
2023/8/7 0:00,7,7,月,晴,425,474535,0,0,0,
2023/8/8 0:00,8,8,火,曇,435,459900,0,0,0,
2023/8/9 0:00,9,9,水,雨風,205,251945,0,0,0,
2023/8/10 0:00,10,10,木,雨,242,267290,0,1,0,
2023/8/11 0:00,11,11,金,晴,939,1105845,1,0,0,
2023/8/12 0:00,12,12,土,晴,977,1201255,0,0,0,
2023/8/13 0:00,13,13,日,晴,969,1166945,0,0,0,
2023/8/14 0:00,14,14,月,晴,787,858725,0,0,0,
2023/8/15 0:00,15,15,火,曇,640,750595,0,0,0,
2023/8/16 0:00,16,16,水,晴,531,534435,0,0,0,
2023/8/17 0:00,17,17,木,雨,372,357220,0,0,0,
2023/8/18 0:00,18,18,金,曇,422,484710,0,0,0,
2023/8/19 0:00,19,19,土,晴,605,622230,0,0,0,
2023/8/20 0:00,20,20,日,晴,779,802390,0,0,0,
2023/8/21 0:00,21,21,月,晴,368,381645,0,0,0,
2023/8/22 0:00,22,22,火,晴,378,377370,0,0,0,
2023/8/23 0:00,23,23,水,曇雨,392,366570,0,0,0,
2023/8/24 0:00,24,24,木,晴,376,355330,0,0,0,
2023/8/25 0:00,25,25,金,曇雨,354,351140,0,0,0,
2023/8/26 0:00,26,26,土,晴,574,620335,0,0,0,
2023/8/27 0:00,27,27,日,晴,780,836545,0,0,0,
2023/8/28 0:00,28,28,月,晴,393,388225,0,0,0,
2023/8/29 0:00,29,29,火,晴,379,395080,0,0,0,
2023/8/30 0:00,30,30,水,晴,382,373400,0,0,0,
2023/8/31 0:00,31,31,木,晴,350,351540,0,0,0,
2023/9/1 0:00,1,1,金,曇雨,315,317575,0,0,0,
2023/9/2 0:00,2,2,土,曇,531,541710,0,0,0,
2023/9/3 0:00,3,3,日,曇晴,780,794785,0,0,0,
2023/9/4 0:00,4,4,月,晴,398,390125,0,0,0,
2023/9/5 0:00,5,5,火,晴曇雨,317,328005,0,0,0,
2023/9/6 0:00,6,6,水,曇雨晴,352,317250,0,0,0,
2023/9/7 0:00,7,7,木,晴,341,310465,0,0,0,
2023/9/8 0:00,8,8,金,晴,389,381575,0,0,0,
2023/9/9 0:00,9,9,土,晴,620,643385,0,0,0,
2023/9/10 0:00,10,10,日,晴,712,762180,0,0,0,
2023/9/11 0:00,11,11,月,晴曇,372,394520,0,0,0,
2023/9/12 0:00,12,12,火,晴,366,382825,0,0,0,
2023/9/13 0:00,13,13,水,晴曇雨,436,387635,0,0,0,
2023/9/14 0:00,14,14,木,雨,359,388560,0,0,0,
2023/9/15 0:00,15,15,金,曇雨,333,354720,0,0,0,
2023/9/16 0:00,16,16,土,雨,576,718695,0,0,0,
2023/9/17 0:00,17,17,日,雨,532,634110,0,1,0,
2023/9/18 0:00,18,18,月,曇雨,592,613835,1,0,0,
2023/9/19 0:00,19,19,火,晴,390,392845,0,0,0,
2023/9/20 0:00,20,20,水,晴,488,526410,0,0,0,
2023/9/21 0:00,21,21,木,雨曇,399,447525,0,0,0,
2023/9/22 0:00,22,22,金,雨,402,438780,0,1,0,
2023/9/23 0:00,23,23,土,晴,816,890645,1,0,0,
2023/9/24 0:00,24,24,日,晴,874,975615,0,0,0,
2023/9/25 0:00,25,25,月,晴,435,436125,0,0,0,
2023/9/26 0:00,26,26,火,曇,353,366240,0,0,0,
2023/9/27 0:00,27,27,水,晴,411,403430,0,0,0,
2023/9/28 0:00,28,28,木,晴,432,442425,0,0,0,
2023/9/29 0:00,29,29,金,晴,417,429055,0,0,0,
2023/9/30 0:00,30,30,土,晴,614,710330,0,0,0,
2023/10/1 0:00,1,1,日,晴,798,835925,0,0,0,
2023/10/2 0:00,2,2,月,晴,429,401190,0,0,0,
2023/10/3 0:00,3,3,火,晴曇,355,364265,0,0,0,
2023/10/4 0:00,4,4,水,曇晴,403,395360,0,0,0,
2023/10/5 0:00,5,5,木,曇晴,428,427255,0,0,0,
2023/10/6 0:00,6,6,金,晴,422,400785,0,0,0,
2023/10/7 0:00,7,7,土,晴,683,744045,0,0,0,
2023/10/8 0:00,8,8,日,雨,612,751100,0,1,0,
2023/10/9 0:00,9,9,月,曇,705,737900,1,0,0,
2023/10/10 0:00,10,10,火,晴,393,731425,0,0,0,
2023/10/11 0:00,11,11,水,晴,475,477310,0,0,0,
2023/10/12 0:00,12,12,木,晴,414,401670,0,0,0,
2023/10/13 0:00,13,13,金,晴,433,419000,0,0,0,
2023/10/14 0:00,14,14,土,晴,606,682440,0,0,0,
2023/10/15 0:00,15,15,日,晴,753,851690,0,0,0,
2023/10/16 0:00,16,16,月,晴,456,441845,0,0,0,
2023/10/17 0:00,17,17,火,晴,447,452240,0,0,0,
2023/10/18 0:00,18,18,水,晴,517,577885,0,0,0,
2023/10/19 0:00,19,19,木,晴,426,423310,0,0,0,
2023/10/20 0:00,20,20,金,雨曇,413,444735,0,0,0,
2023/10/21 0:00,21,21,土,晴,687,758070,0,0,0,
2023/10/22 0:00,22,22,日,晴,829,894055,0,0,0,
2023/10/23 0:00,23,23,月,晴,434,405080,0,0,0,
2023/10/24 0:00,24,24,火,晴,380,404960,0,0,0,
2023/10/25 0:00,25,25,水,晴,472,460805,0,0,0,
2023/10/26 0:00,26,26,木,晴,460,427600,0,0,0,
2023/10/27 0:00,27,27,金,曇,392,410270,0,0,0,
2023/10/28 0:00,28,28,土,晴,685,759160,0,0,0,
2023/10/29 0:00,29,29,日,晴,815,991385,0,0,0,
2023/10/30 0:00,30,30,月,晴,516,524205,0,0,0,
2023/10/31 0:00,31,31,火,晴,473,484905,0,0,0,
2023/11/1 0:00,1,1,水,晴,494,501585,0,0,0,
2023/11/2 0:00,2,2,木,晴,423,423265,0,1,0,
2023/11/3 0:00,3,3,金,晴,919,924080,1,0,0,
2023/11/4 0:00,4,4,土,晴曇,875,911355,0,0,0,
2023/11/5 0:00,5,5,日,晴,824,900945,0,0,0,
2023/11/6 0:00,6,6,月,晴雨曇,393,449025,0,0,0,
2023/11/7 0:00,7,7,火,晴,433,464675,0,0,0,
2023/11/8 0:00,8,8,水,晴,539,581705,0,0,0,
2023/11/9 0:00,9,9,木,曇,499,520425,0,0,0,
2023/11/10 0:00,10,10,金,雨,381,407805,0,0,0,
2023/11/11 0:00,11,11,土,晴,719,747865,0,0,0,
2023/11/12 0:00,12,12,日,曇,827,1012780,0,0,0,
2023/11/13 0:00,13,13,月,曇,530,555960,0,0,0,
2023/11/14 0:00,14,14,火,晴,501,536765,0,0,0,
2023/11/15 0:00,15,15,水,曇晴,643,716600,0,0,0,
2023/11/16 0:00,16,16,木,曇,510,521835,0,0,0,
2023/11/17 0:00,17,17,金,雨,428,444455,0,0,0,
2023/11/18 0:00,18,18,土,晴,622,722285,0,0,0,
2023/11/19 0:00,19,19,日,曇晴,897,1072970,0,0,0,
2023/11/20 0:00,20,20,月,晴,559,542355,0,0,0,
2023/11/21 0:00,21,21,火,晴,569,600855,0,0,0,
2023/11/22 0:00,22,22,水,晴,547,552575,0,1,0,
2023/11/23 0:00,23,23,木,晴,865,902545,1,0,0,
2023/11/24 0:00,24,24,金,曇,440,477670,0,0,0,
2023/11/25 0:00,25,25,土,晴,687,824315,0,0,0,
2023/11/26 0:00,26,26,日,晴,750,805515,0,0,0,
2023/11/27 0:00,27,27,月,晴曇,461,456865,0,0,0,
2023/11/28 0:00,28,28,火,曇晴,400,436870,0,0,0,
2023/11/29 0:00,29,29,水,晴,435,467415,0,0,0,
2023/11/30 0:00,30,30,木,曇,363,402250,0,0,0,
2023/12/1 0:00,1,1,金,曇,343,356320,0,0,0,
2023/12/2 0:00,2,2,土,晴,531,556305,0,0,0,
2023/12/3 0:00,3,3,日,晴,649,797035,0,0,0,
2023/12/4 0:00,4,4,月,晴,343,377225,0,0,0,
2023/12/5 0:00,5,5,火,晴,348,374365,0,0,0,
2023/12/6 0:00,6,6,水,曇,368,429700,0,0,0,
2023/12/7 0:00,7,7,木,晴,341,307455,0,0,0,
2023/12/8 0:00,8,8,金,晴,374,362680,0,0,0,
2023/12/9 0:00,9,9,土,晴,587,745620,0,0,0,
2023/12/10 0:00,10,10,日,晴,722,771880,0,0,0,
2023/12/11 0:00,11,11,月,雨,330,332340,0,0,0,
2023/12/12 0:00,12,12,火,雨,320,307120,0,0,0,
2023/12/13 0:00,13,13,水,晴,372,450220,0,0,0,
2023/12/14 0:00,14,14,木,雨,378,394650,0,0,0,
2023/12/15 0:00,15,15,金,雨,360,412205,0,0,0,
2023/12/16 0:00,16,16,土,雨,428,541565,0,0,0,
2023/12/17 0:00,17,17,日,雪,500,596815,0,0,0,
2023/12/18 0:00,18,18,月,雪,332,343840,0,0,0,
2023/12/19 0:00,19,19,火,曇雨,280,266810,0,0,0,
2023/12/20 0:00,20,20,水,曇,346,408375,0,0,0,
2023/12/21 0:00,21,21,木,雪,155,168400,0,0,0,
2023/12/22 0:00,22,22,金,雪,146,137265,0,0,0,
2023/12/23 0:00,23,23,土,曇,576,841975,0,0,0,
2023/12/24 0:00,24,24,日,曇,463,542200,0,0,0,
2023/12/25 0:00,25,25,月,曇,354,405680,0,0,0,
2023/12/26 0:00,26,26,火,曇,416,466525,0,0,0,
2023/12/27 0:00,27,27,水,晴曇,490,683110,0,0,0,
2023/12/28 0:00,28,28,木,晴,591,791385,0,0,0,
2023/12/29 0:00,29,29,金,晴,730,945425,0,0,0,
2023/12/30 0:00,30,30,土,晴曇雨,667,818405,0,0,0,
2023/12/31 0:00,31,31,日,晴,332,390040,0,1,0,
2024/1/1 0:00,1,1,月,曇,,,1,0,0,
2024/1/2 0:00,2,2,火,晴,,,0,0,0,
2024/1/3 0:00,3,3,水,曇雨,254,309190,0,0,0,
2024/1/4 0:00,4,4,木,晴,334,311690,0,0,0,
2024/1/5 0:00,5,5,金,晴,365,354015,0,0,0,
2024/1/6 0:00,6,6,土,雨,433,504690,0,0,0,
2024/1/7 0:00,7,7,日,曇,496,559810,0,1,0,
2024/1/8 0:00,8,8,月,晴,500,505650,1,0,0,
2024/1/9 0:00,9,9,火,曇,282,353525,0,0,0,
2024/1/10 0:00,10,10,水,雨曇,275,319770,0,0,0,
2024/1/11 0:00,11,11,木,曇,324,300765,0,0,0,
2024/1/12 0:00,12,12,金,晴,332,328460,0,0,0,
2024/1/13 0:00,13,13,土,晴,537,582765,0,0,0,
2024/1/14 0:00,14,14,日,晴,663,747765,0,0,0,
2024/1/15 0:00,15,15,月,雨晴,312,293890,0,0,0,
2024/1/16 0:00,16,16,火,晴,345,359460,0,0,0,
2024/1/17 0:00,17,17,水,晴曇,359,429265,0,0,0,
2024/1/18 0:00,18,18,木,曇,314,294895,0,0,0,
2024/1/19 0:00,19,19,金,雨曇,341,343655,0,0,0,
2024/1/20 0:00,20,20,土,雨,443,461935,0,0,0,
2024/1/21 0:00,21,21,日,曇晴,546,609875,0,0,0,
2024/1/22 0:00,22,22,月,雨曇,310,292710,0,0,0,
2024/1/23 0:00,23,23,火,雪,205,203520,0,0,0,
2024/1/24 0:00,24,24,水,雪,148,106965,0,0,0,
2024/1/25 0:00,25,25,木,晴,292,302730,0,0,0,
2024/1/26 0:00,26,26,金,晴,327,352830,0,0,0,
2024/1/27 0:00,27,27,土,晴,509,573715,0,0,0,
2024/1/28 0:00,28,28,日,晴,601,663835,0,0,0,
2024/1/29 0:00,29,29,月,晴,389,358150,0,0,0,
2024/1/30 0:00,30,30,火,曇,358,374355,0,0,0,
2024/1/31 0:00,31,31,水,雨,342,380200,0,0,0,
2024/2/1 0:00,1,1,木,雨,348,327730,0,0,0,
2024/2/2 0:00,2,2,金,曇,371,414330,0,0,0,
2024/2/3 0:00,3,3,土,雨,453,540980,0,0,0,
2024/2/4 0:00,4,4,日,晴,596,661100,0,0,0,
2024/2/5 0:00,5,5,月,雨,297,267785,0,0,0,
2024/2/6 0:00,6,6,火,曇,330,306805,0,0,0,
2024/2/7 0:00,7,7,水,曇,358,428370,0,0,0,
2024/2/8 0:00,8,8,木,晴,365,348745,0,0,0,
2024/2/9 0:00,9,9,金,晴,385,391160,0,0,0,
2024/2/10 0:00,10,10,土,晴,607,655715,0,1,0,
2024/2/11 0:00,11,11,日,晴,721,770120,1,1,0,
2024/2/12 0:00,12,12,月,晴,651,653105,0,0,1,
2024/2/13 0:00,13,13,火,晴,415,404365,0,0,0,
2024/2/14 0:00,14,14,水,雨曇,345,390870,0,0,0,
2024/2/15 0:00,15,15,木,雨曇,361,388985,0,0,0,
2024/2/16 0:00,16,16,金,晴,364,398230,0,0,0,
2024/2/17 0:00,17,17,土,晴,685,684910,0,0,0,
2024/2/18 0:00,18,18,日,晴,833,844285,0,0,0,
2024/2/19 0:00,19,19,月,雨,299,311680,0,0,0,
2024/2/20 0:00,20,20,火,曇,406,411390,0,0,0,
2024/2/21 0:00,21,21,水,雨,287,340145,0,0,0,
2024/2/22 0:00,22,22,木,曇,375,366745,0,1,0,
2024/2/23 0:00,23,23,金,曇雨,671,739575,1,0,0,
2024/2/24 0:00,24,24,土,晴,695,706720,0,0,0,
2024/2/25 0:00,25,25,日,曇晴曇,707,740085,0,0,0,
2024/2/26 0:00,26,26,月,雨,382,416635,0,0,0,
2024/2/27 0:00,27,27,火,晴,393,389820,0,0,0,
2024/2/28 0:00,28,28,水,曇晴曇,423,484055,0,0,0,
2024/2/29 0:00,29,29,木,雨,298,320290,0,0,0,
2024/3/1 0:00,1,1,金,晴,388,393535,0,0,0,
2024/3/2 0:00,2,2,土,晴,541,590315,0,0,0,
2024/3/3 0:00,3,3,日,曇,659,706960,0,0,0,
2024/3/4 0:00,4,4,月,晴,392,418805,0,0,0,
2024/3/5 0:00,5,5,火,雨,318,383185,0,0,0,
2024/3/6 0:00,6,6,水,曇,387,447525,0,0,0,
2024/3/7 0:00,7,7,木,曇,392,413910,0,0,0,
2024/3/8 0:00,8,8,金,晴,381,366675,0,0,0,
2024/3/9 0:00,9,9,土,晴,521,621820,0,0,0,
2024/3/10 0:00,10,10,日,晴,675,718885,0,0,0,
2024/3/11 0:00,11,11,月,晴曇,373,386965,0,0,0,
2024/3/12 0:00,12,12,火,雨晴,362,411255,0,0,0,
2024/3/13 0:00,13,13,水,晴,406,483855,0,0,0,
2024/3/14 0:00,14,14,木,晴,359,370810,0,0,0,
2024/3/15 0:00,15,15,金,晴,445,480090,0,0,0,
2024/3/16 0:00,16,16,土,晴,757,842100,0,0,0,
2024/3/17 0:00,17,17,日,雨,655,793845,0,0,0,
2024/3/18 0:00,18,18,月,晴,464,474300,0,0,0,
2024/3/19 0:00,19,19,火,晴,461,497580,0,1,0,
2024/3/20 0:00,20,20,水,晴,697,809795,1,0,0,
2024/3/21 0:00,21,21,木,晴曇,383,405575,0,0,0,
2024/3/22 0:00,22,22,金,晴,419,426005,0,0,0,
2024/3/23 0:00,23,23,土,雨,466,565515,0,0,0,
2024/3/24 0:00,24,24,日,雨,468,490110,0,0,0,
2024/3/25 0:00,25,25,月,雨,326,330170,0,0,0,
2024/3/26 0:00,26,26,火,雨曇,333,372245,0,0,0,
2024/3/27 0:00,27,27,水,晴,438,471430,0,0,0,
2024/3/28 0:00,28,28,木,雨,315,345330,0,0,0,
2024/3/29 0:00,29,29,金,晴,417,427365,0,0,0,
2024/3/30 0:00,30,30,土,晴,616,740030,0,0,0,
2024/3/31 0:00,31,31,日,曇,763,814480,0,0,0,
2024/4/1 0:00,1,1,月,晴,505,570860,0,0,0,
2024/4/2 0:00,2,2,火,曇,434,420320,0,0,0,
2024/4/3 0:00,3,3,水,雨,246,299925,0,0,0,
2024/4/4 0:00,4,4,木,曇,368,356890,0,0,0,
2024/4/5 0:00,5,5,金,晴,442,529555,0,0,0,
2024/4/6 0:00,6,6,土,曇,667,733290,0,0,0,
2024/4/7 0:00,7,7,日,晴,807,838360,0,0,0,
2024/4/8 0:00,8,8,月,雨,340,370140,0,0,0,
2024/4/9 0:00,9,9,火,曇,405,429110,0,0,0,
2024/4/10 0:00,10,10,水,晴,426,535475,0,0,0,
2024/4/11 0:00,11,11,木,曇,387,372755,0,0,0,
2024/4/12 0:00,12,12,金,曇,400,376075,0,0,0,
2024/4/13 0:00,13,13,土,晴,715,786365,0,0,0,
2024/4/14 0:00,14,14,日,晴,798,791925,0,0,0,
2024/4/15 0:00,15,15,月,雨曇,342,388210,0,0,0,
2024/4/16 0:00,16,16,火,晴,455,470060,0,0,0,
2024/4/17 0:00,17,17,水,晴,491,578585,0,0,0,
2024/4/18 0:00,18,18,木,晴,431,418110,0,0,0,
2024/4/19 0:00,19,19,金,晴,453,485530,0,0,0,
2024/4/20 0:00,20,20,土,曇雨,559,659930,0,0,0,
2024/4/21 0:00,21,21,日,雨,572,625570,0,0,0,
2024/4/22 0:00,22,22,月,雨,373,390940,0,0,0,
2024/4/23 0:00,23,23,火,曇,388,388705,0,0,0,
2024/4/24 0:00,24,24,水,晴,386,427540,0,0,0,
2024/4/25 0:00,25,25,木,晴,405,374100,0,0,0,
2024/4/26 0:00,26,26,金,曇,390,406655,0,0,0,
2024/4/27 0:00,27,27,土,曇晴,624,697415,0,0,0,
2024/4/28 0:00,28,28,日,晴,922,948335,0,1,0,
2024/4/29 0:00,29,29,月,雨,588,621410,1,0,0,
2024/4/30 0:00,30,30,火,曇,450,489095,0,0,0,
2024/5/1 0:00,1,1,水,雨,458,543715,0,0,0,
2024/5/2 0:00,2,2,木,晴,553,568345,0,1,0,
2024/5/3 0:00,3,3,金,晴,947,962170,1,1,0,
2024/5/4 0:00,4,4,土,晴,990,1027165,1,1,0,
2024/5/5 0:00,5,5,日,曇,893,923125,1,1,0,
2024/5/6 0:00,6,6,月,雨,586,630410,0,0,1,
2024/5/7 0:00,7,7,火,晴,397,371250,0,0,0,
2024/5/8 0:00,8,8,水,曇,370,441105,0,0,0,
2024/5/9 0:00,9,9,木,晴,409,390560,0,0,0,
2024/5/10 0:00,10,10,金,晴,432,483530,0,0,0,
2024/5/11 0:00,11,11,土,晴,659,667930,0,0,0,
2024/5/12 0:00,12,12,日,雨,447,501010,0,0,0,
2024/5/13 0:00,13,13,月,晴,380,474830,0,0,0,
2024/5/14 0:00,14,14,火,晴,442,455250,0,0,0,
2024/5/15 0:00,15,15,水,晴,465,488720,0,0,0,
2024/5/16 0:00,16,16,木,曇晴,404,397755,0,0,0,
2024/5/17 0:00,17,17,金,晴,486,454540,0,0,0,
2024/5/18 0:00,18,18,土,晴,658,691185,0,0,0,
2024/5/19 0:00,19,19,日,晴,719,756505,0,0,0,
2024/5/20 0:00,20,20,月,晴,393,380055,0,0,0,
2024/5/21 0:00,21,21,火,晴,441,401375,0,0,0,
2024/5/22 0:00,22,22,水,曇,450,498240,0,0,0,
2024/5/23 0:00,23,23,木,晴,378,389920,0,0,0,
2024/5/24 0:00,24,24,金,晴,412,476375,0,0,0,
2024/5/25 0:00,25,25,土,晴,659,689685,0,0,0,
2024/5/26 0:00,26,26,日,晴,814,825110,0,0,0,
2024/5/27 0:00,27,27,月,雨,385,422220,0,0,0,
2024/5/28 0:00,28,28,火,雨曇,357,371930,0,0,0,
2024/5/29 0:00,29,29,水,晴,474,497160,0,0,0,
2024/5/30 0:00,30,30,木,晴,372,393640,0,0,0,
2024/5/31 0:00,31,31,金,雨雲晴,368,381895,0,0,0,
2024/6/1 0:00,1,1,土,晴,673,723520,0,0,0,
2024/6/2 0:00,2,2,日,晴,785,893425,0,0,0,
2024/6/3 0:00,3,3,月,晴,442,484290,0,0,0,
2024/6/4 0:00,4,4,火,晴,401,449500,0,0,0,
2024/6/5 0:00,5,5,水,晴,510,544690,0,0,0,
2024/6/6 0:00,6,6,木,曇,410,373765,0,0,0,
2024/6/7 0:00,7,7,金,晴,430,469525,0,0,0,
2024/6/8 0:00,8,8,土,雨,607,745620,0,0,0,
2024/6/9 0:00,9,9,日,雨,632,677150,0,0,0,
2024/6/10 0:00,10,10,月,曇晴,406,423425,0,0,0,
2024/6/11 0:00,11,11,火,晴,396,379780,0,0,0,
2024/6/12 0:00,12,12,水,晴,397,567550,0,0,0,
2024/6/13 0:00,13,13,木,晴,380,406175,0,0,0,
2024/6/14 0:00,14,14,金,晴,492,509960,0,0,0,
2024/6/15 0:00,15,15,土,晴,714,812555,0,0,0,
2024/6/16 0:00,16,16,日,晴,882,900735,0,0,0,
2024/6/17 0:00,17,17,月,曇雨,425,411540,0,0,0,
2024/6/18 0:00,18,18,火,曇晴,441,429960,0,0,0,
2024/6/19 0:00,19,19,水,晴,537,556445,0,0,0,
2024/6/20 0:00,20,20,木,雨,345,384375,0,0,0,
2024/6/21 0:00,21,21,金,曇,365,359550,0,0,0,
2024/6/22 0:00,22,22,土,雨,498,524615,0,0,0,
2024/6/23 0:00,23,23,日,雨,517,537755,0,0,0,
2024/6/24 0:00,24,24,月,雨,283,331575,0,0,0,
2024/6/25 0:00,25,25,火,雨曇,333,359725,0,0,0,
2024/6/26 0:00,26,26,水,雨,352,413240,0,0,0,
2024/6/27 0:00,27,27,木,雨,272,270770,0,0,0,
2024/6/28 0:00,28,28,金,雨,274,256990,0,0,0,
2024/6/29 0:00,29,29,土,曇雨,534,596220,0,0,0,
2024/6/30 0:00,30,30,日,雨,529,594930,0,0,0,
2024/7/1 0:00,1,1,月,雨,210,210765,0,0,0,
2024/7/2 0:00,2,2,火,雨,279,301855,0,0,0,
2024/7/3 0:00,3,3,水,晴,375,396220,0,0,0,
2024/7/4 0:00,4,4,木,曇晴,335,337920,0,0,0,
2024/7/5 0:00,5,5,金,晴曇,340,411020,0,0,0,
2024/7/6 0:00,6,6,土,晴,587,605510,0,0,0,
2024/7/7 0:00,7,7,日,晴,744,721695,0,0,0,
2024/7/8 0:00,8,8,月,晴,362,380470,0,0,0,
2024/7/9 0:00,9,9,火,晴,385,375755,0,0,0,
2024/7/10 0:00,10,10,水,曇雨,414,417795,0,0,0,
2024/7/11 0:00,11,11,木,雨,283,299810,0,0,0,
2024/7/12 0:00,12,12,金,曇晴,324,315100,0,0,0,
2024/7/13 0:00,13,13,土,雨,594,660570,0,0,0,
2024/7/14 0:00,14,14,日,雨,408,454660,0,1,0,
2024/7/15 0:00,15,15,月,雨曇,435,491925,1,0,0,
2024/7/16 0:00,16,16,火,雨,310,311745,0,0,0,
2024/7/17 0:00,17,17,水,曇,459,414530,0,0,0,
2024/7/18 0:00,18,18,木,雨晴曇,375,379670,0,0,0,
2024/7/19 0:00,19,19,金,雨晴,358,360925,0,0,0,
2024/7/20 0:00,20,20,土,晴,632,662465,0,0,0,
2024/7/21 0:00,21,21,日,晴,772,823115,0,0,0,
2024/7/22 0:00,22,22,月,晴,426,403790,0,0,0,
2024/7/23 0:00,23,23,火,晴,406,419245,0,0,0,
2024/7/24 0:00,24,24,水,晴,412,414955,0,0,0,
2024/7/25 0:00,25,25,木,晴,367,342960,0,0,0,
2024/7/26 0:00,26,26,金,晴,417,426290,0,0,0,
2024/7/27 0:00,27,27,土,晴,669,653735,0,0,0,
2024/7/28 0:00,28,28,日,晴,763,768360,0,0,0,
2024/7/29 0:00,29,29,月,晴,391,418725,0,0,0,
2024/7/30 0:00,30,30,火,晴,419,453285,0,0,0,
2024/7/31 0:00,31,31,水,晴,497,503745,0,0,0,
2024/8/1 0:00,1,1,木,晴,356,360660,0,0,0,
2024/8/2 0:00,2,2,金,晴,347,351605,0,0,0,
2024/8/3 0:00,3,3,土,晴,589,609665,0,0,0,
2024/8/4 0:00,4,4,日,晴,772,796460,0,0,0,
2024/8/5 0:00,5,5,月,晴,410,432720,0,0,0,
2024/8/6 0:00,6,6,火,晴,316,350420,0,0,0,
2024/8/7 0:00,7,7,水,晴,471,542315,0,0,0,
2024/8/8 0:00,8,8,木,晴,402,451060,0,0,0,
2024/8/9 0:00,9,9,金,晴,492,595515,0,0,0,
2024/8/10 0:00,10,10,土,晴,727,935595,0,1,0,
2024/8/11 0:00,11,11,日,晴,1099,1236270,1,1,0,
2024/8/12 0:00,12,12,月,晴,1022,1218550,0,0,1,
2024/8/13 0:00,13,13,火,晴,823,979115,0,0,0,
2024/8/14 0:00,14,14,水,晴,765,885660,0,0,0,
2024/8/15 0:00,15,15,木,晴,713,797690,0,0,0,
2024/8/16 0:00,16,16,金,晴,523,673985,0,0,0,
2024/8/17 0:00,17,17,土,晴,720,765250,0,0,0,
2024/8/18 0:00,18,18,日,晴,778,824375,0,0,0,
2024/8/19 0:00,19,19,月,晴,409,412605,0,0,0,
2024/8/20 0:00,20,20,火,晴,414,434495,0,0,0,
2024/8/21 0:00,21,21,水,晴,504,513595,0,0,0,
2024/8/22 0:00,22,22,木,晴,398,416935,0,0,0,
2024/8/23 0:00,23,23,金,晴,430,413540,0,0,0,
2024/8/24 0:00,24,24,土,晴,603,729205,0,0,0,
2024/8/25 0:00,25,25,日,雲雷雨晴,734,821555,0,0,0,
2024/8/26 0:00,26,26,月,晴,381,433505,0,0,0,
2024/8/27 0:00,27,27,火,晴曇雨,394,421535,0,0,0,
2024/8/28 0:00,28,28,水,晴曇,385,433065,0,0,0,
2024/8/29 0:00,29,29,木,雨,55,61905,0,0,0,
2024/8/30 0:00,30,30,金,雨,105,108605,0,0,0,
2024/8/31 0:00,31,31,土,晴,637,680790,0,0,0,
2024/9/1 0:00,1,1,日,晴,829,921225,0,0,0,
2024/9/2 0:00,2,2,月,晴,360,334730,0,0,0,
2024/9/3 0:00,3,3,火,晴,422,402545,0,0,0,
2024/9/4 0:00,4,4,水,晴,426,459735,0,0,0,
2024/9/5 0:00,5,5,木,晴,408,520995,0,0,0,
2024/9/6 0:00,6,6,金,晴,474,537785,0,0,0,
2024/9/7 0:00,7,7,土,晴,557,691125,0,0,0,
2024/9/8 0:00,8,8,日,晴,850,903775,0,0,0,
2024/9/9 0:00,9,9,月,晴,376,398000,0,0,0,
2024/9/10 0:00,10,10,火,晴,399,401355,0,0,0,
2024/9/11 0:00,11,11,水,晴,448,485365,0,0,0,
2024/9/12 0:00,12,12,木,晴,419,406475,0,0,0,
2024/9/13 0:00,13,13,金,晴,424,450535,0,0,0,
2024/9/14 0:00,14,14,土,晴,777,798410,0,0,0,
2024/9/15 0:00,15,15,日,曇,883,951165,0,1,0,
2024/9/16 0:00,16,16,月,晴雨,664,686950,1,0,0,
2024/9/17 0:00,17,17,火,晴,426,412440,0,0,0,
2024/9/18 0:00,18,18,水,晴,422,508290,0,0,0,
2024/9/19 0:00,19,19,木,晴,491,518820,0,0,0,
2024/9/20 0:00,20,20,金,晴,459,495435,0,0,0,
2024/9/21 0:00,21,21,土,曇,662,781875,0,1,0,
2024/9/22 0:00,22,22,日,雨曇,772,857800,1,1,0,
2024/9/23 0:00,23,23,月,晴,892,878765,0,0,1,
2024/9/24 0:00,24,24,火,晴,371,388120,0,0,0,
2024/9/25 0:00,25,25,水,曇,445,482925,0,0,0,
2024/9/26 0:00,26,26,木,晴,381,384450,0,0,0,
2024/9/27 0:00,27,27,金,晴,446,456960,0,0,0,
2024/9/28 0:00,28,28,土,晴,747,806995,0,0,0,
2024/9/29 0:00,29,29,日,晴,903,1025895,0,0,0,
2024/9/30 0:00,30,30,月,晴,476,478250,0,0,0,
2024/10/1 0:00,1,1,火,晴,444,486740,0,0,0,
2024/10/2 0:00,2,2,水,小雨,396,443470,0,0,0,
2024/10/3 0:00,3,3,木,雨,339,450435,0,0,0,
2024/10/4 0:00,4,4,金,晴,437,470735,0,0,0,
2024/10/5 0:00,5,5,土,曇,732,810155,0,0,0,
2024/10/6 0:00,6,6,日,曇雨曇,745,835035,0,0,0,
2024/10/7 0:00,7,7,月,雨,371,443945,0,0,0,
2024/10/8 0:00,8,8,火,曇,414,465141,0,0,0,
2024/10/9 0:00,9,9,水,晴曇,479,519634,0,0,0,
2024/10/10 0:00,10,10,木,晴,489,544900,0,0,0,
2024/10/11 0:00,11,11,金,晴,478,521085,0,0,0,
2024/10/12 0:00,12,12,土,晴,744,765595,0,0,0,
2024/10/13 0:00,13,13,日,晴,889,953700,0,1,0,
2024/10/14 0:00,14,14,月,晴,723,766075,1,0,0,
2024/10/15 0:00,15,15,火,雨曇,393,437080,0,0,0,
2024/10/16 0:00,16,16,水,曇,482,521015,0,0,0,
2024/10/17 0:00,17,17,木,曇,430,495505,0,0,0,
2024/10/18 0:00,18,18,金,晴,480,524260,0,0,0,
2024/10/19 0:00,19,19,土,雨,551,664045,0,0,0,
2024/10/20 0:00,20,20,日,晴,775,830150,0,0,0,
2024/10/21 0:00,21,21,月,晴,490,510390,0,0,0,
2024/10/22 0:00,22,22,火,雨,338,359015,0,0,0,
2024/10/23 0:00,23,23,水,曇晴,457,550615,0,0,0,
2024/10/24 0:00,24,24,木,曇晴,476,486370,0,0,0,
2024/10/25 0:00,25,25,金,晴,447,475210,0,0,0,
2024/10/26 0:00,26,26,土,雨曇,612,750975,0,0,0,
2024/10/27 0:00,27,27,日,晴,799,907470,0,0,0,
2024/10/28 0:00,28,28,月,雨曇,467,474935,0,0,0,
2024/10/29 0:00,29,29,火,晴,434,501275,0,0,0,
2024/10/30 0:00,30,30,水,晴,493,526530,0,0,0,
2024/10/31 0:00,31,31,木,曇,523,608650,0,0,0,
2024/11/1 0:00,1,1,金,雨,404,471170,0,0,0,
2024/11/2 0:00,2,2,土,雨曇,455,535080,0,1,0,
2024/11/3 0:00,3,3,日,晴,1011,1101695,1,1,0,
2024/11/4 0:00,4,4,月,晴,937,1072290,0,0,1,
2024/11/5 0:00,5,5,火,晴,521,588065,0,0,0,
2024/11/6 0:00,6,6,水,晴,528,612930,0,0,0,
2024/11/7 0:00,7,7,木,晴,465,474335,0,0,0,
2024/11/8 0:00,8,8,金,晴,528,585975,0,0,0,
2024/11/9 0:00,9,9,土,晴,784,875495,0,0,0,
2024/11/10 0:00,10,10,日,曇,774,837650,0,0,0,
2024/11/11 0:00,11,11,月,雨晴,588,556615,0,0,0,
2024/11/12 0:00,12,12,火,晴,582,638540,0,0,0,
2024/11/13 0:00,13,13,水,曇晴,693,785605,0,0,0,
2024/11/14 0:00,14,14,木,晴,561,558200,0,0,0,
2024/11/15 0:00,15,15,金,雨,465,505000,0,0,0,
2024/11/16 0:00,16,16,土,曇,770,908655,0,0,0,
2024/11/17 0:00,17,17,日,晴,907,1009045,0,0,0,
2024/11/18 0:00,18,18,月,曇,555,566490,0,0,0,
2024/11/19 0:00,19,19,火,晴,575,593630,0,0,0,
2024/11/20 0:00,20,20,水,晴,623,748585,0,0,0,
2024/11/21 0:00,21,21,木,曇,605,750085,0,0,0,
2024/11/22 0:00,22,22,金,晴,594,629740,0,1,0,
2024/11/23 0:00,23,23,土,晴,899,1024580,1,0,0,
2024/11/24 0:00,24,24,日,晴,915,1028930,0,0,0,
2024/11/25 0:00,25,25,月,晴,613,790415,0,0,0,
2024/11/26 0:00,26,26,火,雨,388,435930,0,0,0,
2024/11/27 0:00,27,27,水,曇雨,486,557350,0,0,0,
2024/11/28 0:00,28,28,木,曇雨,458,481150,0,0,0,
2024/11/29 0:00,29,29,金,雨,413,468430,0,0,0,
2024/11/30 0:00,30,30,土,晴,740,920375,0,0,0,
2024/12/1 0:00,1,1,日,曇,833,1022835,0,0,0,
2024/12/2 0:00,2,2,月,曇晴雨,509,514205,0,0,0,
2024/12/3 0:00,3,3,火,晴,469,518315,0,0,0,
2024/12/4 0:00,4,4,水,晴,466,539780,0,0,0,
2024/12/5 0:00,5,5,木,曇,425,462890,0,0,0,
2024/12/6 0:00,6,6,金,晴,441,493926,0,0,0,
2024/12/7 0:00,7,7,土,晴曇,609,738930,0,0,0,
2024/12/8 0:00,8,8,日,晴,711,854170,0,0,0,
2024/12/9 0:00,9,9,月,曇,360,367280,0,0,0,
2024/12/10 0:00,10,10,火,晴,372,407075,0,0,0,
2024/12/11 0:00,11,11,水,晴,427,526540,0,0,0,
2024/12/12 0:00,12,12,木,曇,389,406180,0,0,0,
2024/12/13 0:00,13,13,金,晴,361,444180,0,0,0,
2024/12/14 0:00,14,14,土,雨,559,685395,0,0,0,
2024/12/15 0:00,15,15,日,曇,584,704875,0,0,0,
2024/12/16 0:00,16,16,月,曇,373,539155,0,0,0,
2024/12/17 0:00,17,17,火,晴,401,452235,0,0,0,
2024/12/18 0:00,18,18,水,曇,437,506710,0,0,0,
2024/12/19 0:00,19,19,木,雨,346,409255,0,0,0,
2024/12/20 0:00,20,20,金,晴,426,519970,0,0,0,
2024/12/21 0:00,21,21,土,曇雨,703,1172870,0,0,0,
2024/12/22 0:00,22,22,日,晴,589,735120,0,0,0,
2024/12/23 0:00,23,23,月,晴,365,387835,0,0,0,
2024/12/24 0:00,24,24,火,曇,433,485365,0,0,0,
2024/12/25 0:00,25,25,水,晴,408,497650,0,0,0,
2024/12/26 0:00,26,26,木,曇晴,446,595140,0,0,0,
2024/12/27 0:00,27,27,金,晴曇,548,786520,0,0,0,
2024/12/28 0:00,28,28,土,霰雨,617,935410,0,0,0,
2024/12/29 0:00,29,29,日,晴曇,751,1210535,0,0,0,
2024/12/30 0:00,30,30,月,晴,669,902570,0,0,0,
2024/12/31 0:00,31,31,火,晴,359,423475,0,1,0,
2025/1/1 0:00,1,1,水,晴,,,1,0,0,
2025/1/2 0:00,2,2,木,晴,,,0,0,0,
2025/1/3 0:00,3,3,金,晴,391,456090,0,0,0,
2025/1/4 0:00,4,4,土,曇,445,583175,0,0,0,
2025/1/5 0:00,5,5,日,曇,492,558875,0,0,0,
2025/1/6 0:00,6,6,月,晴,344,376240,0,0,0,
2025/1/7 0:00,7,7,火,雨雪,340,340510,0,0,0,
2025/1/8 0:00,8,8,水,曇,406,439615,0,0,0,
2025/1/9 0:00,9,9,木,曇雪,315,350540,0,0,0,
2025/1/10 0:00,10,10,金,雪曇,190,196420,0,0,0,
2025/1/11 0:00,11,11,土,曇雪,473,520085,0,0,0,
2025/1/12 0:00,12,12,日,曇雪,550,642120,0,1,0,
2025/1/13 0:00,13,13,月,晴曇,565,641030,1,0,0,
2025/1/14 0:00,14,14,火,曇,353,391600,0,0,0,
2025/1/15 0:00,15,15,水,曇,424,651905,0,0,0,
2025/1/16 0:00,16,16,木,曇,326,339185,0,0,0,
2025/1/17 0:00,17,17,金,曇,387,404605,0,0,0,
2025/1/18 0:00,18,18,土,晴,613,703860,0,0,0,
2025/1/19 0:00,19,19,日,晴,720,830805,0,0,0,
2025/1/20 0:00,20,20,月,晴,348,372080,0,0,0,
2025/1/21 0:00,21,21,火,晴,406,468620,0,0,0,
2025/1/22 0:00,22,22,水,晴,429,521880,0,0,0,
2025/1/23 0:00,23,23,木,晴,455,495275,0,0,0,
2025/1/24 0:00,24,24,金,晴,438,480035,0,0,0,
2025/1/25 0:00,25,25,土,晴,678,791080,0,0,0,
2025/1/26 0:00,26,26,日,晴,740,868450,0,0,0,
2025/1/27 0:00,27,27,月,曇雨,307,338695,0,0,0,
2025/1/28 0:00,28,28,火,雪雨,340,398500,0,0,0,
2025/1/29 0:00,29,29,水,曇,317,374710,0,0,0,
2025/1/30 0:00,30,30,木,晴,359,378800,0,0,0,
2025/1/31 0:00,31,31,金,晴,429,476070,0,0,0,
2025/2/1 0:00,1,1,土,曇雨,480,568890,0,0,0,
2025/2/2 0:00,2,2,日,曇,626,703195,0,0,0,
2025/2/3 0:00,3,3,月,雨,365,384325,0,0,0,
2025/2/4 0:00,4,4,火,雪,182,201985,0,0,0,
2025/2/5 0:00,5,5,水,雪,149,122835,0,0,0,
2025/2/6 0:00,6,6,木,雪,240,274075,0,0,0,
2025/2/7 0:00,7,7,金,雪,213,235255,0,0,0,
2025/2/8 0:00,8,8,土,曇雪,378,387220,0,0,0,
2025/2/9 0:00,9,9,日,晴,598,701195,0,0,0,
2025/2/10 0:00,10,10,月,曇,358,363820,0,1,0,
2025/2/11 0:00,11,11,火,晴,652,698895,1,0,0,
2025/2/12 0:00,12,12,水,雨,314,354270,0,0,0,
2025/2/13 0:00,13,13,木,晴,382,396070,0,0,0,
2025/2/14 0:00,14,14,金,晴,409,458860,0,0,0,
2025/2/15 0:00,15,15,土,曇,556,690065,0,0,0,
2025/2/16 0:00,16,16,日,雨晴,707,768950,0,0,0,
2025/2/17 0:00,17,17,月,晴曇,398,434545,0,0,0,
2025/2/18 0:00,18,18,火,曇,426,499850,0,0,0,
2025/2/19 0:00,19,19,水,晴,432,463085,0,0,0,
2025/2/20 0:00,20,20,木,晴,374,439410,0,0,0,
2025/2/21 0:00,21,21,金,晴,405,419145,0,0,0,
2025/2/22 0:00,22,22,土,晴,558,732255,0,1,0,
2025/2/23 0:00,23,23,日,曇,752,912090,1,1,0,
2025/2/24 0:00,24,24,月,晴,581,606640,0,0,1,
2025/2/25 0:00,25,25,火,晴,385,414140,0,0,0,
2025/2/26 0:00,26,26,水,雨晴,413,461465,0,0,0,
2025/2/27 0:00,27,27,木,晴,396,407440,0,0,0,
2025/2/28 0:00,28,28,金,曇,433,609465,0,0,0,
2025/3/1 0:00,1,1,土,曇雨,666,788520,0,0,0,
2025/3/2 0:00,2,2,日,雨,553,691790,0,0,0,
2025/3/3 0:00,3,3,月,雨,338,378835,0,0,0,
2025/3/4 0:00,4,4,火,雨,286,331650,0,0,0,
2025/3/5 0:00,5,5,水,曇,400,477050,0,0,0,
2025/3/6 0:00,6,6,木,曇,455,474325,0,0,0,
2025/3/7 0:00,7,7,金,晴,394,472565,0,0,0,
2025/3/8 0:00,8,8,土,曇晴,663,755790,0,0,0,
2025/3/9 0:00,9,9,日,晴,769,859970,0,0,0,
2025/3/10 0:00,10,10,月,晴,417,450470,0,0,0,
2025/3/11 0:00,11,11,火,晴,422,455540,0,0,0,
2025/3/12 0:00,12,12,水,晴,458,514105,0,0,0,
2025/3/13 0:00,13,13,木,曇,405,419390,0,0,0,
2025/3/14 0:00,14,14,金,曇晴,425,500890,0,0,0,
2025/3/15 0:00,15,15,土,雨,500,636845,0,0,0,
2025/3/16 0:00,16,16,日,雨,572,686755,0,0,0,
2025/3/17 0:00,17,17,月,曇,424,503175,0,0,0,
2025/3/18 0:00,18,18,火,雪雨,343,579670,0,0,0,
2025/3/19 0:00,19,19,水,雪雨,406,519320,0,1,0,
2025/3/20 0:00,20,20,木,晴,808,921445,1,0,0,
2025/3/21 0:00,21,21,金,晴,518,574875,0,0,0,
2025/3/22 0:00,22,22,土,晴,743,819465,0,0,0,
2025/3/23 0:00,23,23,日,晴,806,920380,0,0,0,
2025/3/24 0:00,24,24,月,曇,404,445465,0,0,0,
2025/3/25 0:00,25,25,火,晴,451,496215,0,0,0,
2025/3/26 0:00,26,26,水,晴,520,575780,0,0,0,
2025/3/27 0:00,27,27,木,雨,386,419085,0,0,0,
2025/3/28 0:00,28,28,金,雨,386,450095,0,0,0,
2025/3/29 0:00,29,29,土,晴,630,761575,0,0,0,
2025/3/30 0:00,30,30,日,晴,765,840840,0,0,0,
2025/3/31 0:00,31,31,月,晴,467,479390,0,0,0,
