日付,day,日,曜,col,客数,売上,祝祭日,祝祭日前日,振替休日,湿度,気温
2021-12-09,9,9,木,晴時々曇,400,326320,0,0,0,77,9.5
2021-12-10,10,10,金,晴時々曇,393,372635,0,0,0,71,11.9
2021-12-11,11,11,土,曇時々晴,484,526290,0,0,0,79,12.9
2021-12-12,12,12,日,曇時々晴,635,678875,0,0,0,69,12.6
2021-12-13,13,13,月,晴,316,323620,0,0,0,63,6.8
2021-12-14,14,14,火,曇時々晴,323,310605,0,0,0,73,6.5
2021-12-15,15,15,水,晴時々曇,391,403050,0,0,0,71,9.9
2021-12-16,16,16,木,雨時々曇,275,313905,0,0,0,86,12.0
2021-12-17,17,17,金,曇後雪時々雨、みぞれを伴う,312,283745,0,0,0,61,7.4
2021-12-18,18,18,土,曇時々晴,391,450840,0,0,0,57,3.0
2021-12-19,19,19,日,みぞれ時々雨後曇一時晴,513,576335,0,0,0,67,6.8
2021-12-20,20,20,月,晴時々曇,358,388665,0,0,0,65,8.7
2021-12-21,21,21,火,曇時々晴,319,272455,0,0,0,69,12.2
2021-12-22,22,22,水,晴一時曇,375,402180,0,0,0,78,9.9
2021-12-23,23,23,木,晴一時曇,341,341270,0,0,0,76,8.6
2021-12-24,24,24,金,晴時々曇後雨,340,369890,0,0,0,86,7.9
2021-12-25,25,25,土,晴一時曇,471,530385,0,0,0,60,5.9
2021-12-26,26,26,日,曇時々晴一時雪,456,538610,0,0,0,46,1.1
2021-12-27,27,27,月,晴時々曇,356,414855,0,0,0,59,2.7
2021-12-28,28,28,火,曇,467,668725,0,0,0,68,5.2
2021-12-29,29,29,水,雨後時々曇,609,769920,0,0,0,79,8.1
2021-12-30,30,30,木,晴時々曇,668,723495,0,0,0,53,7.2
2021-12-31,31,31,金,晴一時雪,311,302220,0,1,0,51,4.2
2022-01-03,3,3,月,晴一時曇,314,326125,0,0,0,70,5.8
2022-01-04,4,4,火,晴一時曇,329,299415,0,0,0,72,5.4
2022-01-05,5,5,水,曇後一時雨,265,225100,0,0,0,75,6.3
2022-01-06,6,6,木,曇時々晴一時雨,286,251645,0,0,0,73,7.9
2022-01-07,7,7,金,晴,299,302945,0,0,0,65,7.7
2022-01-08,8,8,土,晴後一時曇,471,540180,0,0,0,73,7.4
2022-01-09,9,9,日,曇一時晴,552,572500,0,1,0,77,7.3
2022-01-10,10,10,月,晴,444,458125,1,0,0,79,7.5
2022-01-11,11,11,火,雨時々曇一時晴、みぞれを伴う,240,228560,0,0,0,66,5.3
2022-01-12,12,12,水,晴時々曇,263,234025,0,0,0,57,3.1
2022-01-13,13,13,木,雨時々雪一時曇、みぞれを伴う,246,220525,0,0,0,58,4.6
2022-01-14,14,14,金,晴,289,248720,0,0,0,57,3.3
2022-01-15,15,15,土,曇後一時雨,412,444755,0,0,0,72,4.6
2022-01-16,16,16,日,曇時々雨、みぞれを伴う,454,451055,0,0,0,78,6.8
2022-01-17,17,17,月,曇時々晴,299,283480,0,0,0,58,6.4
2022-01-18,18,18,火,晴一時曇、みぞれを伴う,324,260660,0,0,0,56,4.8
2022-01-19,19,19,水,晴,308,273990,0,0,0,63,3.6
2022-01-20,20,20,木,晴一時雪後曇、みぞれを伴う,267,239225,0,0,0,65,5.8
2022-01-21,21,21,金,曇時々晴,284,267655,0,0,0,53,6.8
2022-01-22,22,22,土,曇時々晴,432,434155,0,0,0,70,5.9
2022-01-23,23,23,日,雨,384,384885,0,0,0,98,8.0
2022-01-24,24,24,月,曇時々晴,266,249290,0,0,0,75,8.9
2022-01-25,25,25,火,晴,277,237880,0,0,0,63,8.6
2022-01-26,26,26,水,晴一時曇,309,280860,0,0,0,68,8.9
2022-01-27,27,27,木,曇後時々晴,326,296805,0,0,0,74,7.4
2022-01-28,28,28,金,晴後一時曇,291,278565,0,0,0,68,6.8
2022-01-29,29,29,土,曇後一時晴,405,378740,0,0,0,59,6.6
2022-01-30,30,30,日,曇後時々晴,492,542870,0,0,0,58,6.9
2022-01-31,31,31,月,晴,298,294370,0,0,0,51,5.3
2022-02-01,1,1,火,雨一時雪後曇、みぞれを伴う,261,243315,0,0,0,60,6.0
2022-02-02,2,2,水,曇一時晴,291,255105,0,0,0,70,4.3
2022-02-03,3,3,木,曇後時々晴,284,267120,0,0,0,58,5.8
2022-02-04,4,4,金,晴一時曇,276,247200,0,0,0,53,5.3
2022-02-05,5,5,土,曇後雪時々みぞれ一時雨,326,351740,0,0,0,53,3.2
2022-02-06,6,6,日,晴時々曇一時雪,457,475405,0,0,0,49,3.7
2022-02-07,7,7,月,曇一時晴,265,211250,0,0,0,60,4.8
2022-02-08,8,8,火,雨後曇時々晴,267,236420,0,0,0,67,6.5
2022-02-09,9,9,水,晴一時曇,332,307370,0,0,0,63,8.3
2022-02-10,10,10,木,雨時々曇,303,266445,0,1,0,86,7.3
2022-02-11,11,11,金,曇時々晴一時雨,509,522820,1,0,0,77,6.7
2022-02-12,12,12,土,曇時々晴,565,551185,0,0,0,63,8.9
2022-02-13,13,13,日,雨後曇,414,392985,0,0,0,87,8.3
2022-02-14,14,14,月,曇後晴,319,319620,0,0,0,67,9.1
2022-02-15,15,15,火,晴時々曇,316,305300,0,0,0,58,6.9
2022-02-16,16,16,水,雪時々曇一時みぞれ,265,251950,0,0,0,55,3.0
2022-02-17,17,17,木,晴時々曇一時雪,321,279330,0,0,0,47,1.4
2022-02-18,18,18,金,晴時々曇,352,327240,0,0,0,54,5.4
2022-02-19,19,19,土,雨,354,374915,0,0,0,90,5.6
2022-02-20,20,20,日,雪時々曇後晴,529,565555,0,0,0,50,3.2
2022-02-21,21,21,月,晴時々曇,293,264510,0,0,0,46,3.5
2022-02-22,22,22,火,晴後一時曇,344,339945,0,1,0,46,4.2
2022-02-23,23,23,水,曇後一時晴,505,514025,1,0,0,59,3.0
2022-02-24,24,24,木,晴一時曇,328,308685,0,0,0,57,2.8
2022-02-25,25,25,金,晴,357,337060,0,0,0,60,5.1
2022-02-26,26,26,土,晴時々曇,498,528275,0,0,0,58,8.0
2022-02-27,27,27,日,晴,679,691140,0,0,0,52,8.6
2022-02-28,28,28,月,晴後時々曇,355,351855,0,0,0,61,8.6
2022-03-01,1,1,火,雨時々曇,250,242140,0,0,0,79,12.2
2022-03-02,2,2,水,晴,367,343180,0,0,0,67,8.4
2022-03-03,3,3,木,晴,380,355855,0,0,0,65,8.0
2022-03-04,4,4,金,曇時々晴後雨,349,332510,0,0,0,69,8.4
2022-03-05,5,5,土,晴,547,562065,0,0,0,57,10.5
2022-03-06,6,6,日,晴,663,698870,0,0,0,43,6.4
2022-03-07,7,7,月,曇一時晴,347,322755,0,0,0,56,6.6
2022-03-08,8,8,火,晴,394,388895,0,0,0,67,7.5
2022-03-09,9,9,水,晴,415,410265,0,0,0,63,10.1
2022-03-10,10,10,木,晴,361,358110,0,0,0,62,10.2
2022-03-11,11,11,金,晴時々曇,343,327800,0,0,0,59,14.8
2022-03-12,12,12,土,晴,589,564775,0,0,0,65,17.6
2022-03-13,13,13,日,曇後一時雨,669,640065,0,0,0,76,18.1
2022-03-14,14,14,月,曇時々雨一時晴,356,348980,0,0,0,86,18.0
2022-03-15,15,15,火,晴,375,364265,0,0,0,77,13.7
2022-03-16,16,16,水,晴,380,376910,0,0,0,77,14.5
2022-03-17,17,17,木,曇時々晴,425,425295,0,0,0,87,13.1
2022-03-18,18,18,金,雨後曇一時晴,359,370155,0,0,0,96,11.0
2022-03-19,19,19,土,雨時々曇,543,655265,0,0,0,83,9.6
2022-03-20,20,20,日,曇一時晴,842,948790,0,1,0,81,9.5
2022-03-21,21,21,月,曇時々雨,657,697200,1,0,0,78,10.6
2022-03-22,22,22,火,雨時々晴後曇,342,335665,0,0,0,83,10.3
2022-03-23,23,23,水,雨時々曇,321,326390,0,0,0,80,8.8
2022-03-24,24,24,木,曇一時雨後晴、霧を伴う,318,273450,0,0,0,78,9.7
2022-03-25,25,25,金,晴後時々曇,394,383130,0,0,0,65,14.5
2022-03-26,26,26,土,大雨後曇,359,395805,0,0,0,87,15.8
2022-03-27,27,27,日,曇後晴,709,724710,0,0,0,73,14.7
2022-03-28,28,28,月,曇,405,396520,0,0,0,62,12.1
2022-03-29,29,29,火,曇時々晴,435,418910,0,0,0,75,12.7
2022-03-30,30,30,水,曇後一時雨,413,386175,0,0,0,82,16.8
2022-03-31,31,31,木,雨後時々曇一時晴,360,352765,0,0,0,91,14.1
2022-04-01,1,1,金,晴,412,392200,0,0,0,57,11.4
2022-04-02,2,2,土,晴,599,640090,0,0,0,60,9.8
2022-04-03,3,3,日,晴,772,758635,0,0,0,68,10.4
2022-04-04,4,4,月,晴,402,379285,0,0,0,67,11.9
2022-04-05,5,5,火,晴,347,337560,0,0,0,67,12.0
2022-04-06,6,6,水,晴,326,291540,0,0,0,64,13.7
2022-04-07,7,7,木,晴,351,344890,0,0,0,66,14.9
2022-04-08,8,8,金,晴,395,372625,0,0,0,72,14.1
2022-04-09,9,9,土,晴,622,618860,0,0,0,48,16.9
2022-04-10,10,10,日,晴,733,738660,0,0,0,63,17.8
2022-04-11,11,11,月,晴,338,339775,0,0,0,80,17.8
2022-04-12,12,12,火,曇,346,318520,0,0,0,90,19.3
2022-04-13,13,13,水,曇,372,360875,0,0,0,94,15.9
2022-04-14,14,14,木,雨,288,275620,0,0,0,100,14.6
2022-04-15,15,15,金,曇,401,397630,0,0,0,88,12.7
2022-04-16,16,16,土,晴,649,700600,0,0,0,67,12.4
2022-04-17,17,17,日,晴,753,815175,0,0,0,73,13.6
2022-04-18,18,18,月,晴,380,347980,0,0,0,66,14.0
2022-04-19,19,19,火,晴,414,363840,0,0,0,69,14.6
2022-04-20,20,20,水,晴,451,417385,0,0,0,61,16.8
2022-04-21,21,21,木,曇,315,307595,0,0,0,86,14.4
2022-04-22,22,22,金,晴,425,386985,0,0,0,76,17.7
2022-04-23,23,23,土,曇雨,559,635845,0,0,0,89,17.8
2022-04-24,24,24,日,雨晴,680,694135,0,0,0,88,18.8
2022-04-25,25,25,月,晴,394,364555,0,0,0,82,20.5
2022-04-26,26,26,火,雨,229,234125,0,0,0,95,22.4
2022-04-27,27,27,水,晴,329,298270,0,0,0,89,18.2
2022-04-28,28,28,木,晴,374,345090,0,1,0,86,17.4
2022-04-29,29,29,金,雨,423,477840,1,0,0,89,14.3
2022-04-30,30,30,土,晴,640,665550,0,0,0,68,14.7
2022-05-01,1,1,日,曇,744,764830,0,0,0,74,14.5
2022-05-02,2,2,月,晴,517,558690,0,1,0,72,15.2
2022-05-03,3,3,火,晴,888,907090,1,1,0,68,14.8
2022-05-04,4,4,水,晴,939,915345,1,1,0,64,17.1
2022-05-05,5,5,木,晴,825,740065,1,0,0,75,18.5
2022-05-06,6,6,金,晴,362,331890,0,0,0,80,20.1
2022-05-07,7,7,土,晴,517,448685,0,0,0,79,21.2
2022-05-08,8,8,日,晴,697,663815,0,0,0,81,17.9
2022-05-09,9,9,月,晴,391,362975,0,0,0,76,17.3
2022-05-10,10,10,火,曇,390,369380,0,0,0,82,17.5
2022-05-11,11,11,水,雨曇,331,321665,0,0,0,97,19.0
2022-05-12,12,12,木,雨,327,299485,0,0,0,97,20.0
2022-05-13,13,13,金,雨,316,300625,0,0,0,100,18.1
2022-05-14,14,14,土,晴,587,641735,0,0,0,84,17.5
2022-05-15,15,15,日,晴,737,706400,0,0,0,76,16.4
2022-05-16,16,16,月,曇,376,331430,0,0,0,75,16.8
2022-05-17,17,17,火,晴,384,337155,0,0,0,69,18.1
2022-05-18,18,18,水,晴,394,375035,0,0,0,59,18.8
2022-05-19,19,19,木,晴,397,359680,0,0,0,64,19.1
2022-05-20,20,20,金,曇,354,306930,0,0,0,64,19.8
2022-05-21,21,21,土,晴,555,550080,0,0,0,77,19.1
2022-05-22,22,22,日,晴,757,743460,0,0,0,63,21.7
2022-05-23,23,23,月,曇,413,413905,0,0,0,79,20.8
2022-05-24,24,24,火,晴,398,367525,0,0,0,78,21.9
2022-05-25,25,25,水,晴,419,437085,0,0,0,70,23.2
2022-05-26,26,26,木,晴,338,318910,0,0,0,88,20.7
2022-05-27,27,27,金,晴,399,369495,0,0,0,58,21.6
2022-05-28,28,28,土,晴,671,688450,0,0,0,51,22.9
2022-05-29,29,29,日,晴,771,715020,0,0,0,54,21.7
2022-05-30,30,30,月,小雨,367,393890,0,0,0,95,20.4
2022-05-31,31,31,火,曇,403,394180,0,0,0,83,21.3
2022-06-01,1,1,水,晴,397,408310,0,0,0,80,20.9
2022-06-02,2,2,木,晴,405,382335,0,0,0,82,21.3
2022-06-03,3,3,金,晴,388,384110,0,0,0,84,21.8
2022-06-04,4,4,土,晴,620,634080,0,0,0,84,21.9
2022-06-05,5,5,日,小雨,539,631750,0,0,0,98,19.4
2022-06-06,6,6,月,小雨,419,377690,0,0,0,94,19.7
2022-06-07,7,7,火,晴,407,394835,0,0,0,81,20.1
2022-06-08,8,8,水,晴,427,394925,0,0,0,79,19.9
2022-06-09,9,9,木,晴,434,389450,0,0,0,88,20.5
2022-06-10,10,10,金,晴,449,448335,0,0,0,91,21.4
2022-06-11,11,11,土,雨,582,616530,0,0,0,94,20.9
2022-06-12,12,12,日,晴,898,939475,0,0,0,92,20.7
2022-06-13,13,13,月,雨,346,373270,0,0,0,99,19.4
2022-06-14,14,14,火,雨,323,320185,0,0,0,97,20.4
2022-06-15,15,15,水,曇晴,507,461215,0,0,0,84,23.3
2022-06-16,16,16,木,晴,467,452880,0,0,0,79,24.3
2022-06-17,17,17,金,晴,445,389675,0,0,0,84,24.5
2022-06-18,18,18,土,晴,669,630670,0,0,0,87,24.8
2022-06-19,19,19,日,曇,837,837875,0,0,0,86,25.0
2022-06-20,20,20,月,小雨曇,374,370675,0,0,0,91,24.4
2022-06-21,21,21,火,雨,269,258065,0,0,0,98,23.8
2022-06-22,22,22,水,曇,362,348715,0,0,0,88,25.6
2022-06-23,23,23,木,曇,358,345710,0,0,0,81,27.8
2022-06-24,24,24,金,曇雨,319,326995,0,0,0,85,26.5
2022-06-25,25,25,土,雨,442,459720,0,0,0,91,24.3
2022-06-26,26,26,日,曇,720,695740,0,0,0,81,27.4
2022-06-27,27,27,月,晴,392,347510,0,0,0,78,28.9
2022-06-28,28,28,火,晴,339,285650,0,0,0,74,28.9
2022-06-29,29,29,水,晴,345,297865,0,0,0,73,28.9
2022-06-30,30,30,木,晴,364,298395,0,0,0,81,28.2
2022-07-01,1,1,金,晴,349,313730,0,0,0,90,27.2
2022-07-02,2,2,土,晴,517,485725,0,0,0,85,27.8
2022-07-03,3,3,日,曇,586,561845,0,0,0,82,28.4
2022-07-04,4,4,月,晴曇,328,291080,0,0,0,86,27.4
2022-07-05,5,5,火,雨曇,201,195640,0,0,0,95,26.2
2022-07-06,6,6,水,曇,295,270110,0,0,0,94,27.4
2022-07-07,7,7,木,晴曇,320,269695,0,0,0,87,28.4
2022-07-08,8,8,金,曇,292,270385,0,0,0,84,28.9
2022-07-09,9,9,土,曇晴,549,557110,0,0,0,84,27.7
2022-07-10,10,10,日,晴,659,621455,0,0,0,89,26.8
2022-07-11,11,11,月,曇,359,293435,0,0,0,83,27.7
2022-07-12,12,12,火,雨,332,300155,0,0,0,90,26.2
2022-07-13,13,13,水,晴,364,331085,0,0,0,87,26.5
2022-07-14,14,14,木,曇,354,284705,0,0,0,86,28.4
2022-07-15,15,15,金,曇雨,291,264520,0,0,0,94,26.2
2022-07-16,16,16,土,曇晴,453,484185,0,0,0,93,25.9
2022-07-17,17,17,日,晴,782,761880,0,1,0,83,26.2
2022-07-18,18,18,月,雨,443,431600,1,0,0,88,27.0
2022-07-19,19,19,火,大雨晴,198,167355,0,0,0,91,27.1
2022-07-20,20,20,水,曇晴,349,336235,0,0,0,86,27.3
2022-07-21,21,21,木,曇,327,302090,0,0,0,84,28.6
2022-07-22,22,22,金,晴,328,270005,0,0,0,81,25.9
2022-07-23,23,23,土,晴,552,530595,0,0,0,87,25.7
2022-07-24,24,24,日,晴雨,610,636615,0,0,0,85,27.2
2022-07-25,25,25,月,曇晴,395,348850,0,0,0,91,26.4
2022-07-26,26,26,火,晴,325,328210,0,0,0,90,26.6
2022-07-27,27,27,水,晴,349,324950,0,0,0,91,27.5
2022-07-28,28,28,木,晴,344,338465,0,0,0,83,29.6
2022-07-29,29,29,金,晴,354,302615,0,0,0,72,30.3
2022-07-30,30,30,土,曇,536,529730,0,0,0,79,29.8
2022-07-31,31,31,日,晴,703,674280,0,0,0,71,30.4
2022-08-01,1,1,月,晴,352,326560,0,0,0,70,30.7
2022-08-02,2,2,火,晴,326,262270,0,0,0,74,30.3
2022-08-03,3,3,水,晴,362,298665,0,0,0,77,29.8
2022-08-04,4,4,木,晴,345,317465,0,0,0,82,29.4
2022-08-05,5,5,金,晴,351,327830,0,0,0,85,29.1
2022-08-06,6,6,土,晴雨,504,551685,0,0,0,89,28.7
2022-08-07,7,7,日,晴,685,709250,0,0,0,84,29.0
2022-08-08,8,8,月,晴,383,417625,0,0,0,76,30.1
2022-08-09,9,9,火,晴,394,416195,0,0,0,77,29.6
2022-08-10,10,10,水,晴,481,546385,0,1,0,77,30.0
2022-08-11,11,11,木,晴,850,985055,1,0,0,78,30.1
2022-08-12,12,12,金,曇,628,767965,0,0,0,97,27.2
2022-08-13,13,13,土,晴,695,795080,0,0,0,87,29.1
2022-08-14,14,14,日,晴,769,852450,0,0,0,81,30.1
2022-08-15,15,15,月,晴雨,563,553830,0,0,0,79,30.3
2022-08-16,16,16,火,晴雨,292,291160,0,0,0,95,27.6
2022-08-17,17,17,水,雨曇,229,253695,0,0,0,99,25.3
2022-08-18,18,18,木,曇,338,310670,0,0,0,86,27.2
2022-08-19,19,19,金,晴曇,415,404120,0,0,0,86,28.6
2022-08-20,20,20,土,曇,506,547670,0,0,0,86,29.7
2022-08-21,21,21,日,晴曇,678,678265,0,0,0,91,28.1
2022-08-22,22,22,月,晴,375,354690,0,0,0,90,28.1
2022-08-23,23,23,火,曇,389,350275,0,0,0,87,27.8
2022-08-24,24,24,水,曇,306,302005,0,0,0,97,25.8
2022-08-25,25,25,木,晴,355,338955,0,0,0,86,25.9
2022-08-26,26,26,金,晴,384,372135,0,0,0,78,25.5
2022-08-27,27,27,土,晴,599,605410,0,0,0,80,25.6
2022-08-28,28,28,日,晴,705,743445,0,0,0,69,26.1
2022-08-29,29,29,月,晴,385,335810,0,0,0,77,26.2
2022-08-30,30,30,火,晴,393,349565,0,0,0,80,28.0
2022-08-31,31,31,水,晴雨,411,403825,0,0,0,83,28.2
2022-09-01,1,1,木,曇,311,285480,0,0,0,97,24.5
2022-09-02,2,2,金,曇,283,444025,0,0,0,98,23.4
2022-09-03,3,3,土,雨,413,402760,0,0,0,100,24.3
2022-09-04,4,4,日,曇晴,598,607390,0,0,0,87,27.0
2022-09-07,7,7,水,晴,365,343075,0,0,0,77,23.6
2022-09-08,8,8,木,晴,379,364505,0,0,0,84,24.6
2022-09-09,9,9,金,晴,384,377050,0,0,0,89,24.9
2022-09-10,10,10,土,晴,653,709000,0,0,0,91,25.1
2022-09-11,11,11,日,晴,773,743510,0,0,0,92,26.1
2022-09-12,12,12,月,晴,371,339160,0,0,0,92,26.7
2022-09-13,13,13,火,晴,362,334240,0,0,0,89,27.3
2022-09-14,14,14,水,晴,417,417285,0,0,0,92,27.1
2022-09-15,15,15,木,晴,403,361320,0,0,0,93,26.8
2022-09-16,16,16,金,晴,412,417475,0,0,0,80,27.4
2022-09-17,17,17,土,曇,573,579455,0,0,0,82,26.4
2022-09-19,19,19,月,雨,50,130560,1,0,0,93,23.6
2022-09-20,20,20,火,晴,374,425080,0,0,0,62,21.1
2022-09-21,21,21,水,曇晴,506,593945,0,0,0,66,21.1
2022-09-22,22,22,木,晴,434,463530,0,1,0,78,22.0
2022-09-23,23,23,金,曇雨,761,882305,1,0,0,92,22.3
2022-09-24,24,24,土,晴,735,761150,0,0,0,77,21.8
2022-09-25,25,25,日,曇,846,822905,0,0,0,78,22.4
2022-09-26,26,26,月,雨,384,361645,0,0,0,94,23.0
2022-09-27,27,27,火,雨,378,387130,0,0,0,92,22.1
2022-09-28,28,28,水,晴,434,392335,0,0,0,88,22.2
2022-09-29,29,29,木,曇,366,340710,0,0,0,86,22.8
2022-09-30,30,30,金,晴,404,410905,0,0,0,90,22.3
2022-10-01,1,1,土,晴,625,680315,0,0,0,88,22.2
2022-10-02,2,2,日,晴,821,832015,0,0,0,85,23.0
2022-10-03,3,3,月,晴,390,357295,0,0,0,75,25.4
2022-10-04,4,4,火,晴,396,368325,0,0,0,85,25.2
2022-10-05,5,5,水,曇晴,352,328910,0,0,0,84,21.3
2022-10-06,6,6,木,曇,390,348005,0,0,0,81,20.2
2022-10-07,7,7,金,雨曇,361,352745,0,0,0,87,18.5
2022-10-08,8,8,土,晴,679,637920,0,0,0,72,19.4
2022-10-09,9,9,日,曇雨,782,778890,0,1,0,91,17.6
2022-10-10,10,10,月,曇晴,612,607065,1,0,0,66,17.4
2022-10-11,11,11,火,曇,404,383675,0,0,0,67,16.5
2022-10-12,12,12,水,晴,412,404805,0,0,0,66,18.5
2022-10-13,13,13,木,晴,395,346790,0,0,0,79,19.4
2022-10-14,14,14,金,晴,448,424215,0,0,0,82,20.6
2022-10-15,15,15,土,晴,700,710370,0,0,0,88,20.0
2022-10-16,16,16,日,晴曇,721,715475,0,0,0,90,20.6
2022-10-17,17,17,月,雨曇,401,400370,0,0,0,85,19.7
2022-10-18,18,18,火,晴,436,442420,0,0,0,60,17.6
2022-10-19,19,19,水,晴,408,400565,0,0,0,68,16.2
2022-10-20,20,20,木,晴,445,435280,0,0,0,73,15.8
2022-10-21,21,21,金,晴,458,463885,0,0,0,76,18.4
2022-10-22,22,22,土,曇晴,680,703230,0,0,0,78,21.3
2022-10-23,23,23,日,曇,801,843770,0,0,0,78,19.6
2022-10-24,24,24,月,晴,374,405635,0,0,0,59,16.7
2022-10-25,25,25,火,雨晴,375,394700,0,0,0,75,14.9
2022-10-26,26,26,水,晴,379,390700,0,0,0,66,15.1
2022-10-27,27,27,木,曇,397,411150,0,0,0,78,14.7
2022-10-28,28,28,金,晴,381,398645,0,0,0,77,16.9
2022-10-29,29,29,土,晴,600,606175,0,0,0,66,17.6
2022-10-30,30,30,日,晴,786,833370,0,0,0,58,16.7
2022-10-31,31,31,月,晴,383,394000,0,0,0,68,16.7
2022-11-01,1,1,火,曇,325,304420,0,0,0,72,18.1
2022-11-02,2,2,水,晴,435,403500,0,1,0,77,17.7
2022-11-03,3,3,木,晴,642,826270,1,0,0,86,16.1
2022-11-04,4,4,金,晴,432,467120,0,0,0,69,14.4
2022-11-05,5,5,土,晴,662,713675,0,0,0,67,13.0
2022-11-06,6,6,日,晴,798,849275,0,0,0,68,13.3
2022-11-07,7,7,月,晴,426,411900,0,0,0,79,13.7
2022-11-08,8,8,火,晴,459,501220,0,0,0,76,14.0
2022-11-09,9,9,水,晴,489,505955,0,0,0,74,14.3
2022-11-10,10,10,木,晴,464,454030,0,0,0,78,16.4
2022-11-11,11,11,金,晴,490,513895,0,0,0,85,17.2
2022-11-12,12,12,土,晴,811,807590,0,0,0,81,19.0
2022-11-13,13,13,日,曇雨,770,816675,0,0,0,89,18.4
2022-11-14,14,14,月,曇,576,626235,0,0,0,72,15.9
2022-11-15,15,15,火,曇,515,518710,0,0,0,74,13.0
2022-11-16,16,16,水,晴,531,512340,0,0,0,72,12.5
2022-11-17,17,17,木,曇,501,485125,0,0,0,75,13.9
2022-11-18,18,18,金,曇,553,546655,0,0,0,79,14.9
2022-11-19,19,19,土,曇雨,684,767445,0,0,0,87,15.4
2022-11-20,20,20,日,晴,915,954290,0,0,0,86,15.2
2022-11-21,21,21,月,晴,477,484575,0,0,0,80,16.5
2022-11-22,22,22,火,曇,427,530430,0,1,0,80,15.7
2022-11-23,23,23,水,曇雨,651,734965,1,0,0,93,15.5
2022-11-24,24,24,木,曇晴,379,416810,0,0,0,86,14.4
2022-11-25,25,25,金,晴,369,335035,0,0,0,75,14.3
2022-11-26,26,26,土,晴,657,676770,0,0,0,73,16.3
2022-11-27,27,27,日,晴,751,772730,0,0,0,83,14.2
2022-11-28,28,28,月,晴,369,380520,0,0,0,56,19.2
2022-11-29,29,29,火,雨,337,344870,0,0,0,94,18.6
2022-11-30,30,30,水,曇,304,292500,0,0,0,68,10.1
2022-12-01,1,1,木,曇,316,320490,0,0,0,56,6.8
2022-12-02,2,2,金,曇,254,255685,0,0,0,62,6.5
2022-12-03,3,3,土,曇晴,435,429680,0,0,0,69,8.4
2022-12-04,4,4,日,雨曇,477,537675,0,0,0,77,11.1
2022-12-05,5,5,月,曇,310,347450,0,0,0,69,11.0
2022-12-06,6,6,火,晴,274,283510,0,0,0,55,7.8
2022-12-07,7,7,水,曇晴,305,290235,0,0,0,62,9.4
2022-12-08,8,8,木,曇晴,353,316595,0,0,0,74,8.6
2022-12-09,9,9,金,晴,327,352885,0,0,0,70,9.3
2022-12-10,10,10,土,晴,524,615630,0,0,0,76,10.3
2022-12-11,11,11,日,曇,506,544185,0,0,0,69,11.1
2022-12-12,12,12,月,晴,292,304645,0,0,0,71,10.2
2022-12-13,13,13,火,曇雨,294,295930,0,0,0,63,10.4
2022-12-14,14,14,水,曇,306,288275,0,0,0,52,6.2
2022-12-15,15,15,木,曇晴,283,321945,0,0,0,60,5.2
2022-12-16,16,16,金,晴,326,384005,0,0,0,70,8.0
2022-12-17,17,17,土,曇雨,409,469625,0,0,0,65,6.1
2022-12-18,18,18,日,雪,283,310575,0,0,0,63,2.8
2022-12-19,19,19,月,曇,254,268250,0,0,0,58,4.5
2022-12-20,20,20,火,曇,334,335630,0,0,0,70,5.4
2022-12-21,21,21,水,雨,299,295355,0,0,0,92,6.5
2022-12-22,22,22,木,雪,304,339965,0,0,0,67,4.9
2022-12-23,23,23,金,雪,182,180645,0,0,0,59,2.0
2022-12-24,24,24,土,雪曇,272,276840,0,0,0,72,3.1
2022-12-25,25,25,日,雨曇晴,472,631370,0,0,0,76,6.3
2022-12-26,26,26,月,晴,382,479395,0,0,0,69,5.6
2022-12-27,27,27,火,晴,434,567705,0,0,0,77,5.2
2022-12-28,28,28,水,晴曇,498,738350,0,0,0,75,5.4
2022-12-29,29,29,木,曇,629,870135,0,0,0,72,5.3
2022-12-30,30,30,金,晴,622,794335,0,0,0,69,5.5
2022-12-31,31,31,土,晴,314,319315,0,1,0,65,6.6
2023-01-03,3,3,火,晴,307,320320,0,0,0,62,4.0
2023-01-04,4,4,水,晴,277,244790,0,0,0,66,4.9
2023-01-05,5,5,木,曇,254,244685,0,0,0,76,5.0
2023-01-06,6,6,金,曇,299,297140,0,0,0,73,7.0
2023-01-07,7,7,土,晴,352,337890,0,0,0,61,7.9
2023-01-08,8,8,日,晴,567,603995,0,1,0,74,6.2
2023-01-09,9,9,月,晴,449,448680,1,0,0,70,10.3
2023-01-10,10,10,火,晴,286,258735,0,0,0,61,10.1
2023-01-11,11,11,水,晴,298,285650,0,0,0,78,7.9
2023-01-12,12,12,木,雨,282,270725,0,0,0,82,12.3
2023-01-13,13,13,金,雨,256,254490,0,0,0,83,16.5
2023-01-14,14,14,土,雨,365,373255,0,0,0,99,14.6
2023-01-15,15,15,日,曇,498,508300,0,0,0,95,11.7
2023-01-16,16,16,月,晴雨,311,271815,0,0,0,78,7.7
2023-01-17,17,17,火,曇,278,260755,0,0,0,93,6.5
2023-01-18,18,18,水,曇,293,242900,0,0,0,73,5.4
2023-01-19,19,19,木,曇,284,266225,0,0,0,74,6.1
2023-01-20,20,20,金,曇晴,274,256670,0,0,0,63,6.9
2023-01-21,21,21,土,晴,501,536710,0,0,0,59,5.0
2023-01-22,22,22,日,曇雨,455,449170,0,0,0,84,4.0
2023-01-23,23,23,月,曇,265,265595,0,0,0,84,8.1
2023-01-24,24,24,火,雪曇,157,161190,0,0,0,65,0.7
2023-01-25,25,25,水,曇晴,92,83820,0,0,0,56,-1.3
2023-01-26,26,26,木,曇,245,241870,0,0,0,70,2.2
2023-01-27,27,27,金,雨曇,232,238900,0,0,0,70,3.1
2023-01-28,28,28,土,曇晴,372,368805,0,0,0,51,1.4
2023-01-29,29,29,日,曇,502,461655,0,0,0,61,5.1
2023-01-30,30,30,月,曇晴,301,278015,0,0,0,50,5.6
2023-01-31,31,31,火,晴,326,317040,0,0,0,63,5.3
2023-02-01,1,1,水,曇晴,380,332815,0,0,0,63,11.1
2023-02-02,2,2,木,晴,325,302000,0,0,0,60,8.8
2023-02-03,3,3,金,曇,324,335020,0,0,0,62,7.3
2023-02-04,4,4,土,晴,503,515990,0,0,0,61,6.4
2023-02-05,5,5,日,晴,663,633960,0,0,0,70,4.9
2023-02-06,6,6,月,曇,281,250415,0,0,0,80,5.6
2023-02-07,7,7,火,雨曇,287,285755,0,0,0,89,9.5
2023-02-08,8,8,水,晴,392,411930,0,0,0,62,10.7
2023-02-09,9,9,木,曇,336,301625,0,0,0,66,9.0
2023-02-10,10,10,金,雨曇,315,325420,0,1,0,92,9.4
2023-02-11,11,11,土,晴,627,692980,1,0,0,70,10.3
2023-02-12,12,12,日,晴,641,722675,0,0,0,89,9.6
2023-02-13,13,13,月,雨,281,280360,0,0,0,92,10.2
2023-02-14,14,14,火,曇晴,303,296190,0,0,0,70,8.2
2023-02-15,15,15,水,晴,349,404790,0,0,0,66,5.6
2023-02-16,16,16,木,晴,331,340830,0,0,0,58,6.4
2023-02-17,17,17,金,曇,377,341715,0,0,0,63,9.1
2023-02-18,18,18,土,雨,409,462775,0,0,0,90,14.2
2023-02-19,19,19,日,曇,516,592920,0,0,0,83,12.1
2023-02-20,20,20,月,晴,378,344405,0,0,0,46,8.3
2023-02-21,21,21,火,曇,370,380425,0,0,0,63,5.9
2023-02-22,22,22,水,晴,379,354210,0,1,0,63,6.3
2023-02-23,23,23,木,曇,561,543905,1,0,0,75,8.9
2023-02-24,24,24,金,雨曇,355,384420,0,0,0,82,9.0
2023-02-25,25,25,土,曇,541,551840,0,0,0,78,6.9
2023-02-26,26,26,日,晴,660,685150,0,0,0,66,7.1
2023-02-27,27,27,月,晴,416,398285,0,0,0,75,6.1
2023-02-28,28,28,火,晴,412,374720,0,0,0,65,11.5
2023-03-01,1,1,水,晴,297,313915,0,0,0,86,12.2
2023-03-02,2,2,木,晴,429,432815,0,0,0,49,6.9
2023-03-03,3,3,金,晴,387,390260,0,0,0,65,6.4
2023-03-04,4,4,土,晴,614,605535,0,0,0,67,9.8
2023-03-05,5,5,日,晴,823,813535,0,0,0,65,10.5
2023-03-06,6,6,月,晴,445,415095,0,0,0,76,9.5
2023-03-07,7,7,火,晴,436,403530,0,0,0,67,12.7
2023-03-08,8,8,水,晴,399,407235,0,0,0,69,14.3
2023-03-09,9,9,木,晴,366,367380,0,0,0,76,15.9
2023-03-10,10,10,金,晴,424,435785,0,0,0,90,15.4
2023-03-11,11,11,土,晴,626,601395,0,0,0,88,14.5
2023-03-12,12,12,日,晴雨,653,696190,0,0,0,83,14.8
2023-03-13,13,13,月,晴,378,344715,0,0,0,54,6.4
2023-03-14,14,14,火,晴,362,358540,0,0,0,63,7.6
2023-03-15,15,15,水,晴,386,382675,0,0,0,62,14.8
2023-03-16,16,16,木,曇,356,408690,0,0,0,78,15.1
2023-03-17,17,17,金,曇,357,360475,0,0,0,83,12.8
2023-03-18,18,18,土,雨曇,565,637370,0,0,0,91,11.2
2023-03-19,19,19,日,晴,812,931740,0,0,0,79,10.9
2023-03-20,20,20,月,晴曇,470,504725,0,1,0,75,12.6
2023-03-21,21,21,火,雨,445,503665,1,0,0,100,13.4
2023-03-22,22,22,水,晴,331,319550,0,0,0,89,16.9
2023-03-23,23,23,木,雨,281,319025,0,0,0,100,17.3
2023-03-24,24,24,金,曇,347,363490,0,0,0,98,14.2
2023-03-25,25,25,土,曇,559,636425,0,0,0,84,13.7
2023-03-26,26,26,日,雨曇,650,679605,0,0,0,94,11.8
2023-03-27,27,27,月,晴,397,402500,0,0,0,86,11.5
2023-03-28,28,28,火,晴,385,371770,0,0,0,73,11.9
2023-03-29,29,29,水,晴,440,401180,0,0,0,62,12.1
2023-03-30,30,30,木,晴,439,415795,0,0,0,68,12.9
2023-03-31,31,31,金,晴,465,468130,0,0,0,71,15.4
2023-04-01,1,1,土,晴,602,677820,0,0,0,84,14.7
2023-04-02,2,2,日,晴,735,784975,0,0,0,78,15.3
2023-04-03,3,3,月,晴,379,374790,0,0,0,77,14.3
2023-04-04,4,4,火,晴,396,362710,0,0,0,76,15.9
2023-04-05,5,5,水,雨,291,316420,0,0,0,87,16.2
2023-04-06,6,6,木,雨曇,285,282510,0,0,0,95,15.8
2023-04-07,7,7,金,雨曇晴,309,320190,0,0,0,80,13.8
2023-04-08,8,8,土,晴,597,670250,0,0,0,49,11.7
2023-04-09,9,9,日,晴,740,831095,0,0,0,61,12.4
2023-04-10,10,10,月,晴,372,387835,0,0,0,58,15.0
2023-04-11,11,11,火,晴,364,344780,0,0,0,68,18.5
2023-04-12,12,12,水,晴,407,400790,0,0,0,73,15.0
2023-04-13,13,13,木,晴,392,370730,0,0,0,68,14.1
2023-04-14,14,14,金,曇雨,308,361790,0,0,0,88,14.1
2023-04-15,15,15,土,雨,521,516705,0,0,0,100,14.8
2023-04-16,16,16,日,晴,772,790625,0,0,0,77,14.9
2023-04-17,17,17,月,晴,438,399425,0,0,0,73,14.3
2023-04-18,18,18,火,晴,407,450485,0,0,0,67,19.8
2023-04-19,19,19,水,曇,417,421695,0,0,0,86,21.5
2023-04-20,20,20,木,晴,359,363785,0,0,0,86,19.5
2023-04-21,21,21,金,晴,394,387075,0,0,0,90,16.7
2023-04-22,22,22,土,晴,677,763150,0,0,0,53,15.3
2023-04-23,23,23,日,晴,861,928525,0,0,0,51,15.1
2023-04-24,24,24,月,曇雨,339,330775,0,0,0,64,14.1
2023-04-25,25,25,火,雨,281,307955,0,0,0,99,11.9
2023-04-26,26,26,水,晴,376,394350,0,0,0,81,14.0
2023-04-27,27,27,木,晴,420,427000,0,0,0,77,14.9
2023-04-28,28,28,金,晴曇,432,424040,0,1,0,72,18.3
2023-04-29,29,29,土,雨,435,491640,1,0,0,97,17.7
2023-04-30,30,30,日,晴,863,864020,0,0,0,76,15.5
2023-05-01,1,1,月,晴,543,581075,0,0,0,69,15.3
2023-05-02,2,2,火,晴,609,618575,0,1,0,65,15.6
2023-05-03,3,3,水,晴,935,893425,1,1,0,65,17.6
2023-05-04,4,4,木,雨,778,858495,1,1,0,88,17.4
2023-05-05,5,5,金,曇,788,819760,1,0,0,79,21.7
2023-05-06,6,6,土,雨,469,553285,0,0,0,98,19.4
2023-05-07,7,7,日,雨,397,416415,0,0,0,99,14.9
2023-05-08,8,8,月,晴,328,327685,0,0,0,72,15.5
2023-05-09,9,9,火,晴,371,362895,0,0,0,71,15.3
2023-05-10,10,10,水,晴,438,449405,0,0,0,74,16.9
2023-05-11,11,11,木,晴,384,402740,0,0,0,88,17.2
2023-05-12,12,12,金,晴曇,444,457165,0,0,0,80,19.0
2023-05-13,13,13,土,雨,406,455475,0,0,0,96,16.6
2023-05-14,14,14,日,晴,748,743725,0,0,0,91,18.4
2023-05-15,15,15,月,晴,416,386705,0,0,0,82,19.2
2023-05-16,16,16,火,晴,413,403930,0,0,0,62,23.0
2023-05-17,17,17,水,晴,427,455065,0,0,0,74,22.6
2023-05-18,18,18,木,雨,333,333065,0,0,0,89,19.5
2023-05-19,19,19,金,雨,336,368655,0,0,0,98,18.3
2023-05-20,20,20,土,曇晴,593,575865,0,0,0,94,18.8
2023-05-21,21,21,日,晴,755,785325,0,0,0,86,19.6
2023-05-22,22,22,月,晴,403,383280,0,0,0,92,18.8
2023-05-23,23,23,火,晴,380,357955,0,0,0,85,18.4
2023-05-24,24,24,水,晴,430,444215,0,0,0,77,17.8
2023-05-25,25,25,木,曇,353,395420,0,0,0,76,19.5
2023-05-26,26,26,金,晴,418,455575,0,0,0,77,20.7
2023-05-27,27,27,土,晴,681,747945,0,0,0,78,22.5
2023-05-28,28,28,日,晴,785,879375,0,0,0,71,25.2
2023-05-29,29,29,月,曇雨,376,369920,0,0,0,91,24.7
2023-05-30,30,30,火,雨,257,260995,0,0,0,100,20.5
2023-05-31,31,31,水,雨晴,333,329800,0,0,0,93,20.6
2023-06-01,1,1,木,曇,361,337035,0,0,0,95,22.7
2023-06-02,2,2,金,雨晴,316,333040,0,0,0,99,22.5
2023-06-03,3,3,土,晴,657,711075,0,0,0,89,20.5
2023-06-04,4,4,日,晴,847,811080,0,0,0,75,20.6
2023-06-05,5,5,月,曇,448,469595,0,0,0,77,20.7
2023-06-06,6,6,火,雨,326,355245,0,0,0,99,18.1
2023-06-07,7,7,水,晴,430,413225,0,0,0,88,22.0
2023-06-08,8,8,木,雨,333,354460,0,0,0,98,19.5
2023-06-09,9,9,金,晴,433,404755,0,0,0,90,21.8
2023-06-10,10,10,土,晴,683,664495,0,0,0,89,22.1
2023-06-11,11,11,日,晴,834,919540,0,0,0,93,22.8
2023-06-12,12,12,月,晴,490,446815,0,0,0,92,23.6
2023-06-13,13,13,火,曇,392,368020,0,0,0,93,23.4
2023-06-14,14,14,水,曇,455,468385,0,0,0,96,22.6
2023-06-15,15,15,木,晴,383,409475,0,0,0,93,22.5
2023-06-16,16,16,金,晴,459,492605,0,0,0,80,23.2
2023-06-17,17,17,土,晴,773,798555,0,0,0,76,23.8
2023-06-18,18,18,日,晴,826,866935,0,0,0,88,23.0
2023-06-19,19,19,月,晴,458,424980,0,0,0,92,23.2
2023-06-20,20,20,火,晴,418,401050,0,0,0,89,24.5
2023-06-21,21,21,水,雨,352,383595,0,0,0,95,23.3
2023-06-22,22,22,木,曇,435,442480,0,0,0,91,23.0
2023-06-23,23,23,金,晴,416,411435,0,0,0,90,23.2
2023-06-24,24,24,土,晴,741,694410,0,0,0,94,22.5
2023-06-25,25,25,日,雨,598,588175,0,0,0,97,22.9
2023-06-26,26,26,月,雨,363,327930,0,0,0,93,26.1
2023-06-27,27,27,火,雨,329,318205,0,0,0,89,27.3
2023-06-28,28,28,水,曇,311,307200,0,0,0,95,26.6
2023-06-29,29,29,木,雨,328,333925,0,0,0,96,26.8
2023-06-30,30,30,金,雨,217,224740,0,0,0,97,26.8
2023-07-01,1,1,土,雨,370,387095,0,0,0,99,25.2
2023-07-02,2,2,日,雨,672,716455,0,0,0,93,27.0
2023-07-03,3,3,月,雨,214,212675,0,0,0,98,25.6
2023-07-04,4,4,火,曇,335,321750,0,0,0,97,25.8
2023-07-05,5,5,水,雨,263,231380,0,0,0,97,26.2
2023-07-06,6,6,木,晴,340,341935,0,0,0,90,26.3
2023-07-07,7,7,金,雨,237,247210,0,0,0,97,27.1
2023-07-08,8,8,土,雨,342,347805,0,0,0,99,26.8
2023-07-09,9,9,日,大雨,342,347645,0,0,0,99,27.0
2023-07-10,10,10,月,大雨曇雨,191,149880,0,0,0,98,26.0
2023-07-11,11,11,火,曇晴,361,291525,0,0,0,87,28.7
2023-07-12,12,12,水,雨,278,273395,0,0,0,94,27.8
2023-07-13,13,13,木,晴,303,281180,0,0,0,89,28.5
2023-07-14,14,14,金,曇,317,301660,0,0,0,88,28.2
2023-07-15,15,15,土,晴,522,522665,0,0,0,87,29.3
2023-07-16,16,16,日,晴,832,812240,0,1,0,80,29.6
2023-07-17,17,17,月,晴曇,725,695700,1,0,0,86,28.8
2023-07-18,18,18,火,曇晴,359,337575,0,0,0,86,28.6
2023-07-19,19,19,水,雨,364,345080,0,0,0,99,26.3
2023-07-20,20,20,木,曇,285,279760,0,0,0,95,25.7
2023-07-21,21,21,金,晴,380,380105,0,0,0,94,26.7
2023-07-22,22,22,土,晴,631,621740,0,0,0,96,26.8
2023-07-23,23,23,日,曇晴,748,727065,0,0,0,84,29.0
2023-07-24,24,24,月,晴,377,369380,0,0,0,88,28.4
2023-07-25,25,25,火,晴,368,374720,0,0,0,94,26.7
2023-07-26,26,26,水,晴,371,354535,0,0,0,91,28.2
2023-07-27,27,27,木,晴,370,336425,0,0,0,93,28.5
2023-07-28,28,28,金,晴,370,357655,0,0,0,91,28.9
2023-07-29,29,29,土,晴,631,603300,0,0,0,91,28.7
2023-07-30,30,30,日,晴,719,733650,0,0,0,89,28.0
2023-07-31,31,31,月,晴,407,418575,0,0,0,90,28.2
2023-08-01,1,1,火,晴,400,368700,0,0,0,85,29.2
2023-08-02,2,2,水,晴,413,373025,0,0,0,84,29.8
2023-08-03,3,3,木,晴,341,376925,0,0,0,79,30.5
2023-08-04,4,4,金,晴,351,371565,0,0,0,81,30.6
2023-08-05,5,5,土,晴,612,625495,0,0,0,85,30.1
2023-08-06,6,6,日,晴,799,822990,0,0,0,86,30.6
2023-08-07,7,7,月,晴,425,474535,0,0,0,86,29.9
2023-08-08,8,8,火,曇,435,459900,0,0,0,85,29.4
2023-08-09,9,9,水,雨風,205,251945,0,0,0,97,27.4
2023-08-10,10,10,木,雨,242,267290,0,1,0,95,27.5
2023-08-11,11,11,金,晴,939,1105845,1,0,0,85,28.8
2023-08-12,12,12,土,晴,977,1201255,0,0,0,89,27.3
2023-08-13,13,13,日,晴,969,1166945,0,0,0,94,26.6
2023-08-14,14,14,月,晴,787,858725,0,0,0,99,27.2
2023-08-15,15,15,火,曇,640,750595,0,0,0,98,26.2
2023-08-16,16,16,水,晴,531,534435,0,0,0,98,25.8
2023-08-17,17,17,木,雨,372,357220,0,0,0,100,25.8
2023-08-18,18,18,金,曇,422,484710,0,0,0,95,27.5
2023-08-19,19,19,土,晴,605,622230,0,0,0,86,28.9
2023-08-20,20,20,日,晴,779,802390,0,0,0,93,28.6
2023-08-21,21,21,月,晴,368,381645,0,0,0,93,28.4
2023-08-22,22,22,火,晴,378,377370,0,0,0,89,29.0
2023-08-23,23,23,水,曇雨,392,366570,0,0,0,96,27.7
2023-08-24,24,24,木,晴,376,355330,0,0,0,88,28.2
2023-08-25,25,25,金,曇雨,354,351140,0,0,0,95,26.7
2023-08-26,26,26,土,晴,574,620335,0,0,0,95,27.2
2023-08-27,27,27,日,晴,780,836545,0,0,0,92,28.4
2023-08-28,28,28,月,晴,393,388225,0,0,0,85,28.5
2023-08-29,29,29,火,晴,379,395080,0,0,0,69,29.3
2023-08-30,30,30,水,晴,382,373400,0,0,0,81,27.7
2023-08-31,31,31,木,晴,350,351540,0,0,0,84,27.6
2023-09-01,1,1,金,曇雨,315,317575,0,0,0,91,25.0
2023-09-02,2,2,土,曇,531,541710,0,0,0,91,25.9
2023-09-03,3,3,日,曇晴,780,794785,0,0,0,86,27.4
2023-09-04,4,4,月,晴,398,390125,0,0,0,86,27.5
2023-09-05,5,5,火,晴曇雨,317,328005,0,0,0,88,26.5
2023-09-06,6,6,水,曇雨晴,352,317250,0,0,0,84,26.0
2023-09-07,7,7,木,晴,341,310465,0,0,0,76,26.4
2023-09-08,8,8,金,晴,389,381575,0,0,0,75,26.0
2023-09-09,9,9,土,晴,620,643385,0,0,0,80,25.6
2023-09-10,10,10,日,晴,712,762180,0,0,0,83,26.0
2023-09-11,11,11,月,晴曇,372,394520,0,0,0,82,26.2
2023-09-12,12,12,火,晴,366,382825,0,0,0,84,26.3
2023-09-13,13,13,水,晴曇雨,436,387635,0,0,0,84,27.1
2023-09-14,14,14,木,雨,359,388560,0,0,0,94,25.1
2023-09-15,15,15,金,曇雨,333,354720,0,0,0,94,25.7
2023-09-16,16,16,土,雨,576,718695,0,0,0,84,27.6
2023-09-17,17,17,日,雨,532,634110,0,1,0,91,24.1
2023-09-18,18,18,月,曇雨,592,613835,1,0,0,89,25.3
2023-09-19,19,19,火,晴,390,392845,0,0,0,88,26.1
2023-09-20,20,20,水,晴,488,526410,0,0,0,83,26.6
2023-09-21,21,21,木,雨曇,399,447525,0,0,0,82,26.1
2023-09-22,22,22,金,雨,402,438780,0,1,0,95,22.4
2023-09-23,23,23,土,晴,816,890645,1,0,0,76,24.0
2023-09-24,24,24,日,晴,874,975615,0,0,0,67,23.6
2023-09-25,25,25,月,晴,435,436125,0,0,0,81,24.1
2023-09-26,26,26,火,曇,353,366240,0,0,0,82,26.6
2023-09-27,27,27,水,晴,411,403430,0,0,0,83,25.5
2023-09-28,28,28,木,晴,432,442425,0,0,0,83,24.2
2023-09-29,29,29,金,晴,417,429055,0,0,0,85,23.9
2023-09-30,30,30,土,晴,614,710330,0,0,0,87,23.3
2023-10-01,1,1,日,晴,798,835925,0,0,0,72,22.2
2023-10-02,2,2,月,晴,429,401190,0,0,0,57,22.6
2023-10-03,3,3,火,晴曇,355,364265,0,0,0,71,21.0
2023-10-04,4,4,水,曇晴,403,395360,0,0,0,77,21.9
2023-10-05,5,5,木,曇晴,428,427255,0,0,0,63,20.0
2023-10-06,6,6,金,晴,422,400785,0,0,0,62,19.8
2023-10-07,7,7,土,晴,683,744045,0,0,0,61,20.5
2023-10-08,8,8,日,雨,612,751100,0,1,0,88,17.1
2023-10-09,9,9,月,曇,705,737900,1,0,0,82,20.7
2023-10-10,10,10,火,晴,393,731425,0,0,0,68,21.3
2023-10-11,11,11,水,晴,475,477310,0,0,0,58,21.0
2023-10-12,12,12,木,晴,414,401670,0,0,0,65,19.4
2023-10-13,13,13,金,晴,433,419000,0,0,0,66,19.9
2023-10-14,14,14,土,晴,606,682440,0,0,0,73,19.6
2023-10-15,15,15,日,晴,753,851690,0,0,0,66,19.3
2023-10-16,16,16,月,晴,456,441845,0,0,0,70,19.0
2023-10-17,17,17,火,晴,447,452240,0,0,0,73,18.5
2023-10-18,18,18,水,晴,517,577885,0,0,0,77,17.6
2023-10-19,19,19,木,晴,426,423310,0,0,0,70,20.0
2023-10-20,20,20,金,雨曇,413,444735,0,0,0,77,16.5
2023-10-21,21,21,土,晴,687,758070,0,0,0,54,15.1
2023-10-22,22,22,日,晴,829,894055,0,0,0,67,16.0
2023-10-23,23,23,月,晴,434,405080,0,0,0,74,16.1
2023-10-24,24,24,火,晴,380,404960,0,0,0,76,16.0
2023-10-25,25,25,水,晴,472,460805,0,0,0,78,16.7
2023-10-26,26,26,木,晴,460,427600,0,0,0,80,17.7
2023-10-27,27,27,金,曇,392,410270,0,0,0,77,17.9
2023-10-28,28,28,土,晴,685,759160,0,0,0,67,17.9
2023-10-29,29,29,日,晴,815,991385,0,0,0,74,15.3
2023-10-30,30,30,月,晴,516,524205,0,0,0,68,14.8
2023-10-31,31,31,火,晴,473,484905,0,0,0,75,15.7
2023-11-01,1,1,水,晴,494,501585,0,0,0,71,19.1
2023-11-02,2,2,木,晴,423,423265,0,1,0,78,19.9
2023-11-03,3,3,金,晴,919,924080,1,0,0,75,20.3
2023-11-04,4,4,土,晴曇,875,911355,0,0,0,81,20.0
2023-11-05,5,5,日,晴,824,900945,0,0,0,72,21.2
2023-11-06,6,6,月,晴雨曇,393,449025,0,0,0,74,20.9
2023-11-07,7,7,火,晴,433,464675,0,0,0,66,14.7
2023-11-08,8,8,水,晴,539,581705,0,0,0,79,13.6
2023-11-09,9,9,木,曇,499,520425,0,0,0,71,18.5
2023-11-10,10,10,金,雨,381,407805,0,0,0,88,17.1
2023-11-11,11,11,土,晴,719,747865,0,0,0,66,15.7
2023-11-12,12,12,日,曇,827,1012780,0,0,0,60,11.8
2023-11-13,13,13,月,曇,530,555960,0,0,0,56,9.2
2023-11-14,14,14,火,晴,501,536765,0,0,0,66,10.6
2023-11-15,15,15,水,曇晴,643,716600,0,0,0,70,11.5
2023-11-16,16,16,木,曇,510,521835,0,0,0,82,11.0
2023-11-17,17,17,金,雨,428,444455,0,0,0,76,10.3
2023-11-18,18,18,土,晴,622,722285,0,0,0,64,8.7
2023-11-19,19,19,日,曇晴,897,1072970,0,0,0,61,13.1
2023-11-20,20,20,月,晴,559,542355,0,0,0,64,13.1
2023-11-21,21,21,火,晴,569,600855,0,0,0,76,11.9
2023-11-22,22,22,水,晴,547,552575,0,1,0,74,15.9
2023-11-23,23,23,木,晴,865,902545,1,0,0,72,18.3
2023-11-24,24,24,金,曇,440,477670,0,0,0,53,10.9
2023-11-25,25,25,土,晴,687,824315,0,0,0,59,9.1
2023-11-26,26,26,日,晴,750,805515,0,0,0,73,9.8
2023-11-27,27,27,月,晴曇,461,456865,0,0,0,79,12.9
2023-11-28,28,28,火,曇晴,400,436870,0,0,0,57,12.3
2023-11-29,29,29,水,晴,435,467415,0,0,0,73,11.3
2023-11-30,30,30,木,曇,363,402250,0,0,0,67,8.6
2023-12-01,1,1,金,曇,343,356320,0,0,0,54,7.9
2023-12-02,2,2,土,晴,531,556305,0,0,0,58,7.8
2023-12-03,3,3,日,晴,649,797035,0,0,0,79,8.2
2023-12-04,4,4,月,晴,343,377225,0,0,0,74,8.7
2023-12-05,5,5,火,晴,348,374365,0,0,0,73,10.7
2023-12-06,6,6,水,曇,368,429700,0,0,0,76,12.3
2023-12-07,7,7,木,晴,341,307455,0,0,0,58,10.3
2023-12-08,8,8,金,晴,374,362680,0,0,0,65,11.1
2023-12-09,9,9,土,晴,587,745620,0,0,0,74,16.0
2023-12-10,10,10,日,晴,722,771880,0,0,0,82,15.8
2023-12-11,11,11,月,雨,330,332340,0,0,0,94,15.4
2023-12-12,12,12,火,雨,320,307120,0,0,0,94,14.6
2023-12-13,13,13,水,晴,372,450220,0,0,0,75,12.9
2023-12-14,14,14,木,雨,378,394650,0,0,0,87,13.2
2023-12-15,15,15,金,雨,360,412205,0,0,0,83,18.6
2023-12-16,16,16,土,雨,428,541565,0,0,0,78,9.1
2023-12-17,17,17,日,雪,500,596815,0,0,0,60,3.3
2023-12-18,18,18,月,雪,332,343840,0,0,0,68,4.0
2023-12-19,19,19,火,曇雨,280,266810,0,0,0,92,5.3
2023-12-20,20,20,水,曇,346,408375,0,0,0,67,6.3
2023-12-21,21,21,木,雪,155,168400,0,0,0,74,1.3
2023-12-22,22,22,金,雪,146,137265,0,0,0,61,1.3
2023-12-23,23,23,土,曇,576,841975,0,0,0,71,2.4
2023-12-24,24,24,日,曇,463,542200,0,0,0,78,4.9
2023-12-25,25,25,月,曇,354,405680,0,0,0,66,5.9
2023-12-26,26,26,火,曇,416,466525,0,0,0,67,7.4
2023-12-27,27,27,水,晴曇,490,683110,0,0,0,77,8.5
2023-12-28,28,28,木,晴,591,791385,0,0,0,79,8.9
2023-12-29,29,29,金,晴,730,945425,0,0,0,79,9.2
2023-12-30,30,30,土,晴曇雨,667,818405,0,0,0,75,10.8
2023-12-31,31,31,日,晴,332,390040,0,1,0,73,11.4
2024-01-03,3,3,水,曇雨,254,309190,0,0,0,82,8.5
2024-01-04,4,4,木,晴,334,311690,0,0,0,64,6.9
2024-01-05,5,5,金,晴,365,354015,0,0,0,70,9.5
2024-01-06,6,6,土,雨,433,504690,0,0,0,72,10.0
2024-01-07,7,7,日,曇,496,559810,0,1,0,52,5.9
2024-01-08,8,8,月,晴,500,505650,1,0,0,54,4.3
2024-01-09,9,9,火,曇,282,353525,0,0,0,66,7.7
2024-01-10,10,10,水,雨曇,275,319770,0,0,0,89,8.5
2024-01-11,11,11,木,曇,324,300765,0,0,0,84,7.7
2024-01-12,12,12,金,晴,332,328460,0,0,0,70,9.9
2024-01-13,13,13,土,晴,537,582765,0,0,0,62,7.3
2024-01-14,14,14,日,晴,663,747765,0,0,0,67,8.5
2024-01-15,15,15,月,雨晴,312,293890,0,0,0,65,9.6
2024-01-16,16,16,火,晴,345,359460,0,0,0,55,8.3
2024-01-17,17,17,水,晴曇,359,429265,0,0,0,69,10.5
2024-01-18,18,18,木,曇,314,294895,0,0,0,92,14.1
2024-01-19,19,19,金,雨曇,341,343655,0,0,0,87,11.6
2024-01-20,20,20,土,雨,443,461935,0,0,0,94,10.1
2024-01-21,21,21,日,曇晴,546,609875,0,0,0,84,11.0
2024-01-22,22,22,月,雨曇,310,292710,0,0,0,74,5.2
2024-01-23,23,23,火,雪,205,203520,0,0,0,63,0.9
2024-01-24,24,24,水,雪,148,106965,0,0,0,56,1.8
2024-01-25,25,25,木,晴,292,302730,0,0,0,58,2.9
2024-01-26,26,26,金,晴,327,352830,0,0,0,71,3.4
2024-01-27,27,27,土,晴,509,573715,0,0,0,75,4.9
2024-01-28,28,28,日,晴,601,663835,0,0,0,67,6.4
2024-01-29,29,29,月,晴,389,358150,0,0,0,71,5.3
2024-01-30,30,30,火,曇,358,374355,0,0,0,75,6.7
2024-01-31,31,31,水,雨,342,380200,0,0,0,95,9.7
2024-02-01,1,1,木,雨,348,327730,0,0,0,94,10.6
2024-02-02,2,2,金,曇,371,414330,0,0,0,75,9.5
2024-02-03,3,3,土,雨,453,540980,0,0,0,79,6.6
2024-02-04,4,4,日,晴,596,661100,0,0,0,85,9.0
2024-02-05,5,5,月,雨,297,267785,0,0,0,96,8.8
2024-02-06,6,6,火,曇,330,306805,0,0,0,86,8.3
2024-02-07,7,7,水,曇,358,428370,0,0,0,83,6.9
2024-02-08,8,8,木,晴,365,348745,0,0,0,79,7.1
2024-02-09,9,9,金,晴,385,391160,0,0,0,74,6.4
2024-02-10,10,10,土,晴,607,655715,0,1,0,59,7.0
2024-02-11,11,11,日,晴,721,770120,1,1,0,48,8.5
2024-02-12,12,12,月,晴,651,653105,0,0,1,59,7.1
2024-02-13,13,13,火,晴,415,404365,0,0,0,67,11.0
2024-02-14,14,14,水,雨曇,345,390870,0,0,0,74,14.4
2024-02-15,15,15,木,雨曇,361,388985,0,0,0,87,14.1
2024-02-16,16,16,金,晴,364,398230,0,0,0,65,8.7
2024-02-17,17,17,土,晴,685,684910,0,0,0,77,6.9
2024-02-18,18,18,日,晴,833,844285,0,0,0,61,13.6
2024-02-19,19,19,月,雨,299,311680,0,0,0,90,17.1
2024-02-20,20,20,火,曇,406,411390,0,0,0,99,13.7
2024-02-21,21,21,水,雨,287,340145,0,0,0,100,11.9
2024-02-22,22,22,木,曇,375,366745,0,1,0,93,9.8
2024-02-23,23,23,金,曇雨,671,739575,1,0,0,90,8.1
2024-02-24,24,24,土,晴,695,706720,0,0,0,60,8.3
2024-02-25,25,25,日,曇晴曇,707,740085,0,0,0,83,9.2
2024-02-26,26,26,月,雨,382,416635,0,0,0,78,8.9
2024-02-27,27,27,火,晴,393,389820,0,0,0,56,7.6
2024-02-28,28,28,水,曇晴曇,423,484055,0,0,0,60,8.2
2024-02-29,29,29,木,雨,298,320290,0,0,0,97,7.9
2024-03-01,1,1,金,晴,388,393535,0,0,0,62,7.5
2024-03-02,2,2,土,晴,541,590315,0,0,0,49,3.5
2024-03-03,3,3,日,曇,659,706960,0,0,0,61,6.5
2024-03-04,4,4,月,晴,392,418805,0,0,0,74,9.7
2024-03-05,5,5,火,雨,318,383185,0,0,0,99,9.6
2024-03-06,6,6,水,曇,387,447525,0,0,0,76,10.3
2024-03-07,7,7,木,曇,392,413910,0,0,0,74,9.0
2024-03-08,8,8,金,晴,381,366675,0,0,0,45,8.0
2024-03-09,9,9,土,晴,521,621820,0,0,0,50,7.1
2024-03-10,10,10,日,晴,675,718885,0,0,0,62,7.2
2024-03-11,11,11,月,晴曇,373,386965,0,0,0,69,9.3
2024-03-12,12,12,火,雨晴,362,411255,0,0,0,86,9.8
2024-03-13,13,13,水,晴,406,483855,0,0,0,66,9.9
2024-03-14,14,14,木,晴,359,370810,0,0,0,60,10.4
2024-03-15,15,15,金,晴,445,480090,0,0,0,60,11.1
2024-03-16,16,16,土,晴,757,842100,0,0,0,63,13.2
2024-03-17,17,17,日,雨,655,793845,0,0,0,91,12.4
2024-03-18,18,18,月,晴,464,474300,0,0,0,58,11.3
2024-03-19,19,19,火,晴,461,497580,0,1,0,66,11.0
2024-03-20,20,20,水,晴,697,809795,1,0,0,39,8.7
2024-03-21,21,21,木,晴曇,383,405575,0,0,0,51,8.1
2024-03-22,22,22,金,晴,419,426005,0,0,0,49,11.3
2024-03-23,23,23,土,雨,466,565515,0,0,0,92,16.7
2024-03-24,24,24,日,雨,468,490110,0,0,0,100,13.8
2024-03-25,25,25,月,雨,326,330170,0,0,0,100,12.7
2024-03-26,26,26,火,雨曇,333,372245,0,0,0,89,11.4
2024-03-27,27,27,水,晴,438,471430,0,0,0,69,11.8
2024-03-28,28,28,木,雨,315,345330,0,0,0,82,13.0
2024-03-29,29,29,金,晴,417,427365,0,0,0,66,16.6
2024-03-30,30,30,土,晴,616,740030,0,0,0,66,17.9
2024-03-31,31,31,日,曇,763,814480,0,0,0,93,15.9
2024-04-01,1,1,月,晴,505,570860,0,0,0,80,16.0
2024-04-02,2,2,火,曇,434,420320,0,0,0,74,16.0
2024-04-03,3,3,水,雨,246,299925,0,0,0,98,17.4
2024-04-04,4,4,木,曇,368,356890,0,0,0,92,14.2
2024-04-05,5,5,金,晴,442,529555,0,0,0,83,14.5
2024-04-06,6,6,土,曇,667,733290,0,0,0,85,14.6
2024-04-07,7,7,日,晴,807,838360,0,0,0,87,16.3
2024-04-08,8,8,月,雨,340,370140,0,0,0,97,15.4
2024-04-09,9,9,火,曇,405,429110,0,0,0,78,13.7
2024-04-10,10,10,水,晴,426,535475,0,0,0,73,12.4
2024-04-11,11,11,木,曇,387,372755,0,0,0,82,14.8
2024-04-12,12,12,金,曇,400,376075,0,0,0,84,16.6
2024-04-13,13,13,土,晴,715,786365,0,0,0,81,17.1
2024-04-14,14,14,日,晴,798,791925,0,0,0,71,18.7
2024-04-15,15,15,月,雨曇,342,388210,0,0,0,76,18.0
2024-04-16,16,16,火,晴,455,470060,0,0,0,83,18.5
2024-04-17,17,17,水,晴,491,578585,0,0,0,83,16.6
2024-04-18,18,18,木,晴,431,418110,0,0,0,84,16.7
2024-04-19,19,19,金,晴,453,485530,0,0,0,78,17.3
2024-04-20,20,20,土,曇雨,559,659930,0,0,0,83,16.7
2024-04-21,21,21,日,雨,572,625570,0,0,0,97,17.7
2024-04-22,22,22,月,雨,373,390940,0,0,0,100,16.1
2024-04-23,23,23,火,曇,388,388705,0,0,0,97,16.2
2024-04-24,24,24,水,晴,386,427540,0,0,0,86,16.2
2024-04-25,25,25,木,晴,405,374100,0,0,0,80,16.9
2024-04-26,26,26,金,曇,390,406655,0,0,0,92,16.0
2024-04-27,27,27,土,曇晴,624,697415,0,0,0,84,18.5
2024-04-28,28,28,日,晴,922,948335,0,1,0,86,19.2
2024-04-29,29,29,月,雨,588,621410,1,0,0,97,19.6
2024-04-30,30,30,火,曇,450,489095,0,0,0,97,17.1
2024-05-01,1,1,水,雨,458,543715,0,0,0,89,15.3
2024-05-02,2,2,木,晴,553,568345,0,1,0,72,15.5
2024-05-03,3,3,金,晴,947,962170,1,1,0,79,17.0
2024-05-04,4,4,土,晴,990,1027165,1,1,0,75,20.0
2024-05-05,5,5,日,曇,893,923125,1,1,0,59,21.1
2024-05-06,6,6,月,雨,586,630410,0,0,1,89,19.4
2024-05-07,7,7,火,晴,397,371250,0,0,0,79,17.8
2024-05-08,8,8,水,曇,370,441105,0,0,0,82,14.6
2024-05-09,9,9,木,晴,409,390560,0,0,0,63,15.3
2024-05-10,10,10,金,晴,432,483530,0,0,0,64,18.5
2024-05-11,11,11,土,晴,659,667930,0,0,0,65,21.4
2024-05-12,12,12,日,雨,447,501010,0,0,0,97,18.8
2024-05-13,13,13,月,晴,380,474830,0,0,0,82,17.5
2024-05-14,14,14,火,晴,442,455250,0,0,0,69,16.7
2024-05-15,15,15,水,晴,465,488720,0,0,0,62,18.0
2024-05-16,16,16,木,曇晴,404,397755,0,0,0,48,17.2
2024-05-17,17,17,金,晴,486,454540,0,0,0,49,20.1
2024-05-18,18,18,土,晴,658,691185,0,0,0,54,18.9
2024-05-19,19,19,日,晴,719,756505,0,0,0,59,20.2
2024-05-20,20,20,月,晴,393,380055,0,0,0,64,20.3
2024-05-21,21,21,火,晴,441,401375,0,0,0,86,19.2
2024-05-22,22,22,水,曇,450,498240,0,0,0,91,19.5
2024-05-23,23,23,木,晴,378,389920,0,0,0,75,21.4
2024-05-24,24,24,金,晴,412,476375,0,0,0,76,20.9
2024-05-25,25,25,土,晴,659,689685,0,0,0,79,19.8
2024-05-26,26,26,日,晴,814,825110,0,0,0,79,22.9
2024-05-27,27,27,月,雨,385,422220,0,0,0,93,21.4
2024-05-28,28,28,火,雨曇,357,371930,0,0,0,92,17.1
2024-05-29,29,29,水,晴,474,497160,0,0,0,73,18.8
2024-05-30,30,30,木,晴,372,393640,0,0,0,74,19.5
2024-05-31,31,31,金,雨雲晴,368,381895,0,0,0,87,18.2
2024-06-01,1,1,土,晴,673,723520,0,0,0,80,19.7
2024-06-02,2,2,日,晴,785,893425,0,0,0,86,18.8
2024-06-03,3,3,月,晴,442,484290,0,0,0,76,19.5
2024-06-04,4,4,火,晴,401,449500,0,0,0,76,19.5
2024-06-05,5,5,水,晴,510,544690,0,0,0,84,19.3
2024-06-06,6,6,木,曇,410,373765,0,0,0,79,20.9
2024-06-07,7,7,金,晴,430,469525,0,0,0,75,21.8
2024-06-08,8,8,土,雨,607,745620,0,0,0,86,21.3
2024-06-09,9,9,日,雨,632,677150,0,0,0,99,21.0
2024-06-10,10,10,月,曇晴,406,423425,0,0,0,88,22.7
2024-06-11,11,11,火,晴,396,379780,0,0,0,85,22.9
2024-06-12,12,12,水,晴,397,567550,0,0,0,82,23.3
2024-06-13,13,13,木,晴,380,406175,0,0,0,79,24.4
2024-06-14,14,14,金,晴,492,509960,0,0,0,81,25.1
2024-06-15,15,15,土,晴,714,812555,0,0,0,80,24.9
2024-06-16,16,16,日,晴,882,900735,0,0,0,83,24.5
2024-06-17,17,17,月,曇雨,425,411540,0,0,0,91,21.9
2024-06-18,18,18,火,曇晴,441,429960,0,0,0,87,22.4
2024-06-19,19,19,水,晴,537,556445,0,0,0,69,24.6
2024-06-20,20,20,木,雨,345,384375,0,0,0,90,21.3
2024-06-21,21,21,金,曇,365,359550,0,0,0,91,23.8
2024-06-22,22,22,土,雨,498,524615,0,0,0,95,25.2
2024-06-23,23,23,日,雨,517,537755,0,0,0,96,25.1
2024-06-24,24,24,月,雨,283,331575,0,0,0,91,24.0
2024-06-25,25,25,火,雨曇,333,359725,0,0,0,91,23.2
2024-06-26,26,26,水,雨,352,413240,0,0,0,94,21.2
2024-06-27,27,27,木,雨,272,270770,0,0,0,100,22.0
2024-06-28,28,28,金,雨,274,256990,0,0,0,96,23.8
2024-06-29,29,29,土,曇雨,534,596220,0,0,0,96,24.6
2024-06-30,30,30,日,雨,529,594930,0,0,0,90,27.2
2024-07-01,1,1,月,雨,210,210765,0,0,0,98,25.3
2024-07-02,2,2,火,雨,279,301855,0,0,0,89,27.7
2024-07-03,3,3,水,晴,375,396220,0,0,0,79,29.5
2024-07-04,4,4,木,曇晴,335,337920,0,0,0,84,28.3
2024-07-05,5,5,金,晴曇,340,411020,0,0,0,83,28.4
2024-07-06,6,6,土,晴,587,605510,0,0,0,77,29.5
2024-07-07,7,7,日,晴,744,721695,0,0,0,78,29.6
2024-07-08,8,8,月,晴,362,380470,0,0,0,76,29.9
2024-07-09,9,9,火,晴,385,375755,0,0,0,75,29.6
2024-07-10,10,10,水,曇雨,414,417795,0,0,0,86,28.0
2024-07-11,11,11,木,雨,283,299810,0,0,0,96,24.4
2024-07-12,12,12,金,曇晴,324,315100,0,0,0,92,24.8
2024-07-13,13,13,土,雨,594,660570,0,0,0,94,25.7
2024-07-14,14,14,日,雨,408,454660,0,1,0,96,24.0
2024-07-15,15,15,月,雨曇,435,491925,1,0,0,92,24.8
2024-07-16,16,16,火,雨,310,311745,0,0,0,92,26.6
2024-07-17,17,17,水,曇,459,414530,0,0,0,78,28.6
2024-07-18,18,18,木,雨晴曇,375,379670,0,0,0,79,29.1
2024-07-19,19,19,金,雨晴,358,360925,0,0,0,83,29.4
2024-07-20,20,20,土,晴,632,662465,0,0,0,75,30.6
2024-07-21,21,21,日,晴,772,823115,0,0,0,82,30.1
2024-07-22,22,22,月,晴,426,403790,0,0,0,79,29.9
2024-07-23,23,23,火,晴,406,419245,0,0,0,78,30.1
2024-07-24,24,24,水,晴,412,414955,0,0,0,83,29.3
2024-07-25,25,25,木,晴,367,342960,0,0,0,86,28.8
2024-07-26,26,26,金,晴,417,426290,0,0,0,87,28.7
2024-07-27,27,27,土,晴,669,653735,0,0,0,74,30.5
2024-07-28,28,28,日,晴,763,768360,0,0,0,79,29.7
2024-07-29,29,29,月,晴,391,418725,0,0,0,83,29.2
2024-07-30,30,30,火,晴,419,453285,0,0,0,84,28.9
2024-07-31,31,31,水,晴,497,503745,0,0,0,83,29.7
2024-08-01,1,1,木,晴,356,360660,0,0,0,83,30.2
2024-08-02,2,2,金,晴,347,351605,0,0,0,78,30.7
2024-08-03,3,3,土,晴,589,609665,0,0,0,84,30.5
2024-08-04,4,4,日,晴,772,796460,0,0,0,87,31.2
2024-08-05,5,5,月,晴,410,432720,0,0,0,89,29.6
2024-08-06,6,6,火,晴,316,350420,0,0,0,86,29.2
2024-08-07,7,7,水,晴,471,542315,0,0,0,85,29.1
2024-08-08,8,8,木,晴,402,451060,0,0,0,76,29.9
2024-08-09,9,9,金,晴,492,595515,0,0,0,85,29.9
2024-08-10,10,10,土,晴,727,935595,0,1,0,83,29.5
2024-08-11,11,11,日,晴,1099,1236270,1,1,0,82,28.3
2024-08-12,12,12,月,晴,1022,1218550,0,0,1,85,27.8
2024-08-13,13,13,火,晴,823,979115,0,0,0,87,28.3
2024-08-14,14,14,水,晴,765,885660,0,0,0,87,28.5
2024-08-15,15,15,木,晴,713,797690,0,0,0,87,28.4
2024-08-16,16,16,金,晴,523,673985,0,0,0,88,28.7
2024-08-17,17,17,土,晴,720,765250,0,0,0,82,28.4
2024-08-18,18,18,日,晴,778,824375,0,0,0,87,28.0
2024-08-19,19,19,月,晴,409,412605,0,0,0,83,29.2
2024-08-20,20,20,火,晴,414,434495,0,0,0,77,30.3
2024-08-21,21,21,水,晴,504,513595,0,0,0,73,30.9
2024-08-22,22,22,木,晴,398,416935,0,0,0,75,31.0
2024-08-23,23,23,金,晴,430,413540,0,0,0,87,29.6
2024-08-24,24,24,土,晴,603,729205,0,0,0,88,29.1
2024-08-25,25,25,日,雲雷雨晴,734,821555,0,0,0,92,27.5
2024-08-26,26,26,月,晴,381,433505,0,0,0,82,28.7
2024-08-27,27,27,火,晴曇雨,394,421535,0,0,0,79,28.6
2024-08-28,28,28,水,晴曇,385,433065,0,0,0,77,28.0
2024-08-29,29,29,木,雨,55,61905,0,0,0,98,25.1
2024-08-30,30,30,金,雨,105,108605,0,0,0,97,25.9
2024-08-31,31,31,土,晴,637,680790,0,0,0,84,27.2
2024-09-01,1,1,日,晴,829,921225,0,0,0,83,26.5
2024-09-02,2,2,月,晴,360,334730,0,0,0,81,26.3
2024-09-03,3,3,火,晴,422,402545,0,0,0,82,26.6
2024-09-04,4,4,水,晴,426,459735,0,0,0,83,26.5
2024-09-05,5,5,木,晴,408,520995,0,0,0,83,27.1
2024-09-06,6,6,金,晴,474,537785,0,0,0,82,27.2
2024-09-07,7,7,土,晴,557,691125,0,0,0,82,27.5
2024-09-08,8,8,日,晴,850,903775,0,0,0,84,27.5
2024-09-09,9,9,月,晴,376,398000,0,0,0,87,27.6
2024-09-10,10,10,火,晴,399,401355,0,0,0,77,29.2
2024-09-11,11,11,水,晴,448,485365,0,0,0,81,29.4
2024-09-12,12,12,木,晴,419,406475,0,0,0,87,28.9
2024-09-13,13,13,金,晴,424,450535,0,0,0,85,28.6
2024-09-14,14,14,土,晴,777,798410,0,0,0,79,28.6
2024-09-15,15,15,日,曇,883,951165,0,1,0,82,29.2
2024-09-16,16,16,月,晴雨,664,686950,1,0,0,89,28.9
2024-09-17,17,17,火,晴,426,412440,0,0,0,84,28.7
2024-09-18,18,18,水,晴,422,508290,0,0,0,71,29.0
2024-09-19,19,19,木,晴,491,518820,0,0,0,67,30.4
2024-09-20,20,20,金,晴,459,495435,0,0,0,72,29.5
2024-09-21,21,21,土,曇,662,781875,0,1,0,77,28.3
2024-09-22,22,22,日,雨曇,772,857800,1,1,0,86,25.2
2024-09-23,23,23,月,晴,892,878765,0,0,1,67,24.0
2024-09-24,24,24,火,晴,371,388120,0,0,0,75,24.0
2024-09-25,25,25,水,曇,445,482925,0,0,0,83,24.5
2024-09-26,26,26,木,晴,381,384450,0,0,0,84,25.5
2024-09-27,27,27,金,晴,446,456960,0,0,0,85,25.5
2024-09-28,28,28,土,晴,747,806995,0,0,0,79,26.1
2024-09-29,29,29,日,晴,903,1025895,0,0,0,77,25.2
2024-09-30,30,30,月,晴,476,478250,0,0,0,82,25.0
2024-10-01,1,1,火,晴,444,486740,0,0,0,79,25.0
2024-10-02,2,2,水,小雨,396,443470,0,0,0,90,19.5
2024-10-03,3,3,木,雨,339,450435,0,0,0,89,20.7
2024-10-04,4,4,金,晴,437,470735,0,0,0,77,21.7
2024-10-05,5,5,土,曇,732,810155,0,0,0,74,22.8
2024-10-06,6,6,日,曇雨曇,745,835035,0,0,0,94,22.8
2024-10-07,7,7,月,雨,371,443945,0,0,0,100,20.5
2024-10-08,8,8,火,曇,414,465141,0,0,0,89,20.4
2024-10-09,9,9,水,晴曇,479,519634,0,0,0,68,21.5
2024-10-10,10,10,木,晴,489,544900,0,0,0,71,21.2
2024-10-11,11,11,金,晴,478,521085,0,0,0,62,21.1
2024-10-12,12,12,土,晴,744,765595,0,0,0,71,19.7
2024-10-13,13,13,日,晴,889,953700,0,1,0,77,19.7
2024-10-14,14,14,月,晴,723,766075,1,0,0,74,22.5
2024-10-15,15,15,火,雨曇,393,437080,0,0,0,90,22.8
2024-10-16,16,16,水,曇,482,521015,0,0,0,90,23.3
2024-10-17,17,17,木,曇,430,495505,0,0,0,89,23.2
2024-10-18,18,18,金,晴,480,524260,0,0,0,77,25.8
2024-10-19,19,19,土,雨,551,664045,0,0,0,91,23.1
2024-10-20,20,20,日,晴,775,830150,0,0,0,64,18.7
2024-10-21,21,21,月,晴,490,510390,0,0,0,73,21.3
2024-10-22,22,22,火,雨,338,359015,0,0,0,91,22.4
2024-10-23,23,23,水,曇晴,457,550615,0,0,0,80,19.0
2024-10-24,24,24,木,曇晴,476,486370,0,0,0,79,18.4
2024-10-25,25,25,金,晴,447,475210,0,0,0,72,20.3
2024-10-26,26,26,土,雨曇,612,750975,0,0,0,92,20.0
2024-10-27,27,27,日,晴,799,907470,0,0,0,93,20.2
2024-10-28,28,28,月,雨曇,467,474935,0,0,0,80,19.3
2024-10-29,29,29,火,晴,434,501275,0,0,0,74,19.9
2024-10-30,30,30,水,晴,493,526530,0,0,0,67,19.9
2024-10-31,31,31,木,曇,523,608650,0,0,0,69,18.3
2024-11-01,1,1,金,雨,404,471170,0,0,0,97,18.4
2024-11-02,2,2,土,雨曇,455,535080,0,1,0,91,19.3
2024-11-03,3,3,日,晴,1011,1101695,1,1,0,68,18.8
2024-11-04,4,4,月,晴,937,1072290,0,0,1,72,17.9
2024-11-05,5,5,火,晴,521,588065,0,0,0,75,17.5
2024-11-06,6,6,水,晴,528,612930,0,0,0,51,14.8
2024-11-07,7,7,木,晴,465,474335,0,0,0,59,15.8
2024-11-08,8,8,金,晴,528,585975,0,0,0,67,14.8
2024-11-09,9,9,土,晴,784,875495,0,0,0,76,16.2
2024-11-10,10,10,日,曇,774,837650,0,0,0,92,16.9
2024-11-11,11,11,月,雨晴,588,556615,0,0,0,83,18.3
2024-11-12,12,12,火,晴,582,638540,0,0,0,84,16.3
2024-11-13,13,13,水,曇晴,693,785605,0,0,0,73,17.6
2024-11-14,14,14,木,晴,561,558200,0,0,0,81,16.8
2024-11-15,15,15,金,雨,465,505000,0,0,0,91,17.6
2024-11-16,16,16,土,曇,770,908655,0,0,0,93,18.2
2024-11-17,17,17,日,晴,907,1009045,0,0,0,84,18.3
2024-11-18,18,18,月,曇,555,566490,0,0,0,58,14.7
2024-11-19,19,19,火,晴,575,593630,0,0,0,53,12.6
2024-11-20,20,20,水,晴,623,748585,0,0,0,62,12.8
2024-11-21,21,21,木,曇,605,750085,0,0,0,62,13.8
2024-11-22,22,22,金,晴,594,629740,0,1,0,56,13.2
2024-11-23,23,23,土,晴,899,1024580,1,0,0,68,12.2
2024-11-24,24,24,日,晴,915,1028930,0,0,0,60,11.0
2024-11-25,25,25,月,晴,613,790415,0,0,0,52,12.2
2024-11-26,26,26,火,雨,388,435930,0,0,0,61,13.6
2024-11-27,27,27,水,曇雨,486,557350,0,0,0,71,9.8
2024-11-28,28,28,木,曇雨,458,481150,0,0,0,73,8.8
2024-11-29,29,29,金,雨,413,468430,0,0,0,60,9.6
2024-11-30,30,30,土,晴,740,920375,0,0,0,58,10.2
2024-12-01,1,1,日,曇,833,1022835,0,0,0,61,11.3
2024-12-02,2,2,月,曇晴雨,509,514205,0,0,0,72,13.4
2024-12-03,3,3,火,晴,469,518315,0,0,0,61,12.6
2024-12-04,4,4,水,晴,466,539780,0,0,0,56,10.2
2024-12-05,5,5,木,曇,425,462890,0,0,0,49,10.7
2024-12-06,6,6,金,晴,441,493926,0,0,0,45,11.6
2024-12-07,7,7,土,晴曇,609,738930,0,0,0,50,8.7
2024-12-08,8,8,日,晴,711,854170,0,0,0,50,7.4
2024-12-09,9,9,月,曇,360,367280,0,0,0,63,6.5
2024-12-10,10,10,火,晴,372,407075,0,0,0,69,7.4
2024-12-11,11,11,水,晴,427,526540,0,0,0,72,7.6
2024-12-12,12,12,木,曇,389,406180,0,0,0,66,9.4
2024-12-13,13,13,金,晴,361,444180,0,0,0,65,7.0
2024-12-14,14,14,土,雨,559,685395,0,0,0,44,7.2
2024-12-15,15,15,日,曇,584,704875,0,0,0,47,8.1
2024-12-16,16,16,月,曇,373,539155,0,0,0,54,8.3
2024-12-17,17,17,火,晴,401,452235,0,0,0,54,8.5
2024-12-18,18,18,水,曇,437,506710,0,0,0,56,6.8
2024-12-19,19,19,木,雨,346,409255,0,0,0,67,6.2
2024-12-20,20,20,金,晴,426,519970,0,0,0,71,6.4
2024-12-21,21,21,土,曇雨,703,1172870,0,0,0,71,7.5
2024-12-22,22,22,日,晴,589,735120,0,0,0,50,5.1
2024-12-23,23,23,月,晴,365,387835,0,0,0,61,5.0
2024-12-24,24,24,火,曇,433,485365,0,0,0,62,6.1
2024-12-25,25,25,水,晴,408,497650,0,0,0,73,6.8
2024-12-26,26,26,木,曇晴,446,595140,0,0,0,67,9.3
2024-12-27,27,27,金,晴曇,548,786520,0,0,0,54,7.0
2024-12-28,28,28,土,霰雨,617,935410,0,0,0,51,5.8
2024-12-29,29,29,日,晴曇,751,1210535,0,0,0,57,5.8
2024-12-30,30,30,月,晴,669,902570,0,0,0,63,9.0
2024-12-31,31,31,火,晴,359,423475,0,1,0,57,8.3
2025-01-03,3,3,金,晴,391,456090,0,0,0,54,5.1
2025-01-04,4,4,土,曇,445,583175,0,0,0,56,4.9
2025-01-05,5,5,日,曇,492,558875,0,0,0,59,6.7
2025-01-06,6,6,月,晴,344,376240,0,0,0,74,8.3
2025-01-07,7,7,火,雨雪,340,340510,0,0,0,48,5.2
2025-01-08,8,8,水,曇,406,439615,0,0,0,54,6.6
2025-01-09,9,9,木,曇雪,315,350540,0,0,0,58,2.8
2025-01-10,10,10,金,雪曇,190,196420,0,0,0,54,1.0
2025-01-11,11,11,土,曇雪,473,520085,0,0,0,63,3.5
2025-01-12,12,12,日,曇雪,550,642120,0,1,0,61,4.4
2025-01-13,13,13,月,晴曇,565,641030,1,0,0,52,6.0
2025-01-14,14,14,火,曇,353,391600,0,0,0,64,7.7
2025-01-15,15,15,水,曇,424,651905,0,0,0,61,4.9
2025-01-16,16,16,木,曇,326,339185,0,0,0,58,4.5
2025-01-17,17,17,金,曇,387,404605,0,0,0,63,6.1
2025-01-18,18,18,土,晴,613,703860,0,0,0,66,6.5
2025-01-19,19,19,日,晴,720,830805,0,0,0,71,7.6
2025-01-20,20,20,月,晴,348,372080,0,0,0,70,8.0
2025-01-21,21,21,火,晴,406,468620,0,0,0,65,7.7
2025-01-22,22,22,水,晴,429,521880,0,0,0,72,7.3
2025-01-23,23,23,木,晴,455,495275,0,0,0,68,8.2
2025-01-24,24,24,金,晴,438,480035,0,0,0,62,10.2
2025-01-25,25,25,土,晴,678,791080,0,0,0,54,9.8
2025-01-26,26,26,日,晴,740,868450,0,0,0,50,8.5
2025-01-27,27,27,月,曇雨,307,338695,0,0,0,60,6.5
2025-01-28,28,28,火,雪雨,340,398500,0,0,0,65,4.0
2025-01-29,29,29,水,曇,317,374710,0,0,0,47,4.6
2025-01-30,30,30,木,晴,359,378800,0,0,0,57,4.4
2025-01-31,31,31,金,晴,429,476070,0,0,0,63,5.6
2025-02-01,1,1,土,曇雨,480,568890,0,0,0,75,6.8
2025-02-02,2,2,日,曇,626,703195,0,0,0,81,8.6
2025-02-03,3,3,月,雨,365,384325,0,0,0,55,5.8
2025-02-04,4,4,火,雪,182,201985,0,0,0,46,1.5
2025-02-05,5,5,水,雪,149,122835,0,0,0,50,2.4
2025-02-06,6,6,木,雪,240,274075,0,0,0,48,2.4
2025-02-07,7,7,金,雪,213,235255,0,0,0,58,1.4
2025-02-08,8,8,土,曇雪,378,387220,0,0,0,46,0.7
2025-02-09,9,9,日,晴,598,701195,0,0,0,57,2.2
2025-02-10,10,10,月,曇,358,363820,0,1,0,53,3.5
2025-02-11,11,11,火,晴,652,698895,1,0,0,64,4.0
2025-02-12,12,12,水,雨,314,354270,0,0,0,76,9.3
2025-02-13,13,13,木,晴,382,396070,0,0,0,47,4.6
2025-02-14,14,14,金,晴,409,458860,0,0,0,60,4.9
2025-02-15,15,15,土,曇,556,690065,0,0,0,65,6.3
2025-02-16,16,16,日,雨晴,707,768950,0,0,0,79,8.5
2025-02-17,17,17,月,晴曇,398,434545,0,0,0,44,6.9
2025-02-18,18,18,火,曇,426,499850,0,0,0,43,4.3
2025-02-19,19,19,水,晴,432,463085,0,0,0,41,3.5
2025-02-20,20,20,木,晴,374,439410,0,0,0,55,3.0
2025-02-21,21,21,金,晴,405,419145,0,0,0,52,3.0
2025-02-22,22,22,土,晴,558,732255,0,1,0,53,2.0
2025-02-23,23,23,日,曇,752,912090,1,1,0,48,2.6
2025-02-24,24,24,月,晴,581,606640,0,0,1,47,2.5
2025-02-25,25,25,火,晴,385,414140,0,0,0,55,5.9
2025-02-26,26,26,水,雨晴,413,461465,0,0,0,58,8.4
2025-02-27,27,27,木,晴,396,407440,0,0,0,62,7.7
2025-02-28,28,28,金,曇,433,609465,0,0,0,95,9.0
2025-03-01,1,1,土,曇雨,666,788520,0,0,0,86,13.8
2025-03-02,2,2,日,雨,553,691790,0,0,0,94,17.1
2025-03-03,3,3,月,雨,338,378835,0,0,0,84,9.2
2025-03-04,4,4,火,雨,286,331650,0,0,0,96,7.4
2025-03-05,5,5,水,曇,400,477050,0,0,0,76,9.3
2025-03-06,6,6,木,曇,455,474325,0,0,0,60,8.0
2025-03-07,7,7,金,晴,394,472565,0,0,0,45,8.2
2025-03-08,8,8,土,曇晴,663,755790,0,0,0,56,7.9
2025-03-09,9,9,日,晴,769,859970,0,0,0,62,8.4
2025-03-10,10,10,月,晴,417,450470,0,0,0,63,9.4
2025-03-11,11,11,火,晴,422,455540,0,0,0,73,11.6
2025-03-12,12,12,水,晴,458,514105,0,0,0,80,12.3
2025-03-13,13,13,木,曇,405,419390,0,0,0,65,11.4
2025-03-14,14,14,金,曇晴,425,500890,0,0,0,46,12.0
2025-03-15,15,15,土,雨,500,636845,0,0,0,85,8.6
2025-03-16,16,16,日,雨,572,686755,0,0,0,78,7.7
2025-03-17,17,17,月,曇,424,503175,0,0,0,47,5.3
2025-03-18,18,18,火,雪雨,343,579670,0,0,0,59,4.5
2025-03-19,19,19,水,雪雨,406,519320,0,1,0,77,4.3
2025-03-20,20,20,木,晴,808,921445,1,0,0,59,8.2
2025-03-21,21,21,金,晴,518,574875,0,0,0,60,13.0
2025-03-22,22,22,土,晴,743,819465,0,0,0,48,15.8
2025-03-23,23,23,日,晴,806,920380,0,0,0,46,17.4
2025-03-24,24,24,月,曇,404,445465,0,0,0,61,17.9
2025-03-25,25,25,火,晴,451,496215,0,0,0,54,19.3
2025-03-26,26,26,水,晴,520,575780,0,0,0,70,20.3
2025-03-27,27,27,木,雨,386,419085,0,0,0,85,20.1
2025-03-28,28,28,金,雨,386,450095,0,0,0,78,12.0
2025-03-29,29,29,土,晴,630,761575,0,0,0,42,10.1
2025-03-30,30,30,日,晴,765,840840,0,0,0,33,6.6
2025-03-31,31,31,月,晴,467,479390,0,0,0,46,7.2
